Date,Voucher Type,Voucher No,Ledger,Debit,Credit,Narration
01-04-2025,Payment,1,Staff Welfare,9917.81,,
01-04-2025,Payment,1,Cash,,9917.81,
01-04-2025,Purchase,1,Purchases - Local,23191.77,,
01-04-2025,Purchase,1,Supplier 03,,23191.77,
02-04-2025,Payment,2,Supplier 01,4397.07,,
02-04-2025,Payment,2,HDFC Bank Current A/c,,4397.07,
02-04-2025,Purchase,2,Purchases - Local,31427.15,,
02-04-2025,Purchase,2,Supplier 03,,31427.15,
03-04-2025,Payment,3,Supplier 03,35715.16,,
03-04-2025,Payment,3,HDFC Bank Current A/c,,35715.16,
03-04-2025,Sales,1,Cash,45410.26,,
03-04-2025,Sales,1,Sales - Local,,45410.26,
04-04-2025,Sales,2,Customer 05,108451.91,,
04-04-2025,Sales,2,Sales - Local,,108451.91,
04-04-2025,Payment,4,Supplier 04,6326.24,,
04-04-2025,Payment,4,HDFC Bank Current A/c,,6326.24,
05-04-2025,Receipt,1,HDFC Bank Current A/c,9876.02,,
05-04-2025,Receipt,1,Customer 02,,9876.02,
05-04-2025,Sales,3,Customer 01,90309.84,,
05-04-2025,Sales,3,Sales - Local,,90309.84,
06-04-2025,Payment,5,Supplier 04,39503.57,,
06-04-2025,Payment,5,HDFC Bank Current A/c,,39503.57,
06-04-2025,Payment,6,Supplier 02,23413.16,,
06-04-2025,Payment,6,HDFC Bank Current A/c,,23413.16,
07-04-2025,Receipt,2,Cash,4200.09,,
07-04-2025,Receipt,2,Customer 03,,4200.09,
07-04-2025,Sales,4,Customer 02,10812.70,,
07-04-2025,Sales,4,Sales - Local,,10812.70,
08-04-2025,Receipt,3,HDFC Bank Current A/c,51578.40,,
08-04-2025,Receipt,3,Customer 04,,51578.40,
08-04-2025,Payment,7,Office Expenses,2740.57,,
08-04-2025,Payment,7,Cash,,2740.57,
09-04-2025,Payment,8,Bank Charges,196.72,,
09-04-2025,Payment,8,HDFC Bank Current A/c,,196.72,
09-04-2025,Sales,5,Customer 02,55888.78,,
09-04-2025,Sales,5,Sales - Local,,55888.78,
10-04-2025,Receipt,4,HDFC Bank Current A/c,11598.86,,
10-04-2025,Receipt,4,Customer 03,,11598.86,
10-04-2025,Receipt,5,HDFC Bank Current A/c,1421.65,,
10-04-2025,Receipt,5,Customer 03,,1421.65,
11-04-2025,Payment,9,Supplier 04,27741.92,,
11-04-2025,Payment,9,HDFC Bank Current A/c,,27741.92,
11-04-2025,Receipt,6,HDFC Bank Current A/c,209892.42,,
11-04-2025,Receipt,6,Customer 05,,209892.42,
12-04-2025,Sales,6,Customer 05,129045.91,,
12-04-2025,Sales,6,Sales - Local,,129045.91,
12-04-2025,Sales,7,Customer 01,191451.99,,
12-04-2025,Sales,7,Sales - Local,,191451.99,
13-04-2025,Payment,10,Bank Charges,270.96,,
13-04-2025,Payment,10,HDFC Bank Current A/c,,270.96,
13-04-2025,Payment,11,Supplier 01,2930.19,,
13-04-2025,Payment,11,HDFC Bank Current A/c,,2930.19,
14-04-2025,Sales,8,Customer 01,150196.69,,
14-04-2025,Sales,8,Sales - Local,,150196.69,
14-04-2025,Purchase,3,Purchases - Local,52974.42,,
14-04-2025,Purchase,3,Supplier 04,,52974.42,
15-04-2025,Sales,9,Customer 03,164720.50,,
15-04-2025,Sales,9,Sales - Local,,164720.50,
15-04-2025,Sales,10,Cash,32546.63,,
15-04-2025,Sales,10,Sales - Local,,32546.63,
16-04-2025,Payment,12,Rent,25000.00,,
16-04-2025,Payment,12,HDFC Bank Current A/c,,25000.00,
16-04-2025,Payment,13,Salary,48907.76,,
16-04-2025,Payment,13,HDFC Bank Current A/c,,48907.76,
16-04-2025,Payment,14,Electricity Charges,7413.89,,
16-04-2025,Payment,14,HDFC Bank Current A/c,,7413.89,
16-04-2025,Journal,1,Interest on Unsecured Loans,3000.00,,
16-04-2025,Journal,1,Unsecured Loan - Rajesh Kumar,,2700.00,
16-04-2025,Journal,1,TDS Payable,,300.00,
16-04-2025,Payment,15,TDS Payable,300.00,,
16-04-2025,Payment,15,HDFC Bank Current A/c,,300.00,
16-04-2025,Purchase,4,Purchases - Local,23915.62,,
16-04-2025,Purchase,4,Supplier 04,,23915.62,
16-04-2025,Payment,16,Office Expenses,3677.03,,
16-04-2025,Payment,16,Cash,,3677.03,
17-04-2025,Purchase,5,Purchases - Local,66050.34,,
17-04-2025,Purchase,5,Supplier 02,,66050.34,
17-04-2025,Payment,17,Conveyance,9008.99,,
17-04-2025,Payment,17,Cash,,9008.99,
18-04-2025,Sales,11,Customer 04,86408.24,,
18-04-2025,Sales,11,Sales - Local,,86408.24,
18-04-2025,Sales,12,Cash,32734.53,,
18-04-2025,Sales,12,Sales - Local,,32734.53,
19-04-2025,Sales,13,Customer 03,144382.59,,
19-04-2025,Sales,13,Sales - Local,,144382.59,
19-04-2025,Sales,14,Customer 02,172589.19,,
19-04-2025,Sales,14,Sales - Local,,172589.19,
20-04-2025,Sales,15,Customer 05,94576.63,,
20-04-2025,Sales,15,Sales - Local,,94576.63,
20-04-2025,Purchase,6,Purchases - Local,16415.27,,
20-04-2025,Purchase,6,Supplier 01,,16415.27,
21-04-2025,Payment,18,Rent,1000.00,,
21-04-2025,Payment,18,HDFC Bank Current A/c,,900.00,
21-04-2025,Receipt,7,HDFC Bank Current A/c,139309.69,,
21-04-2025,Receipt,7,Customer 02,,139309.69,
21-04-2025,Purchase,7,Purchases - Local,116469.79,,
21-04-2025,Purchase,7,Supplier 02,,116469.79,
22-04-2025,Receipt,8,HDFC Bank Current A/c,315461.58,,
22-04-2025,Receipt,8,Customer 01,,315461.58,
22-04-2025,Sales,16,Customer 01,188178.95,,
22-04-2025,Sales,16,Sales - Local,,188178.95,
23-04-2025,Sales,17,Customer 03,198576.14,,
23-04-2025,Sales,17,Sales - Local,,198576.14,
23-04-2025,Sales,18,Customer 03,171776.64,,
23-04-2025,Sales,18,Sales - Local,,171776.64,
24-04-2025,Receipt,9,HDFC Bank Current A/c,618340.13,,
24-04-2025,Receipt,9,Customer 03,,618340.13,
24-04-2025,Purchase,8,Purchases - Local,73528.18,,
24-04-2025,Purchase,8,Supplier 03,,73528.18,
25-04-2025,Receipt,10,HDFC Bank Current A/c,4752.90,,
25-04-2025,Receipt,10,Customer 04,,4752.90,
25-04-2025,Sales,19,Customer 01,194822.53,,
25-04-2025,Sales,19,Sales - Local,,194822.53,
26-04-2025,Payment,19,Misc Ledger X,300.00,,
26-04-2025,Payment,19,Cash,,300.00,
26-04-2025,Purchase,9,Purchases - Local,32871.50,,
26-04-2025,Purchase,9,Supplier 01,,32871.50,
26-04-2025,Payment,20,Supplier 03,77921.86,,
26-04-2025,Payment,20,HDFC Bank Current A/c,,77921.86,
27-04-2025,Receipt,11,Cash,14549.35,,
27-04-2025,Receipt,11,Customer 05,,14549.35,
27-04-2025,Payment,21,Bank Charges,55.66,,
27-04-2025,Payment,21,HDFC Bank Current A/c,,55.66,
28-04-2025,Purchase,10,Purchases - Local,57774.38,,
28-04-2025,Purchase,10,Supplier 04,,57774.38,
28-04-2025,Sales,20,Cash,38620.47,,
28-04-2025,Sales,20,Sales - Local,,38620.47,
29-04-2025,Receipt,12,HDFC Bank Current A/c,67543.56,,
29-04-2025,Receipt,12,Customer 02,,67543.56,
29-04-2025,Sales,21,Cash,14984.53,,
29-04-2025,Sales,21,Sales - Local,,14984.53,
30-04-2025,Payment,22,Supplier 02,81881.81,,
30-04-2025,Payment,22,HDFC Bank Current A/c,,81881.81,
30-04-2025,Sales,22,Cash,35322.96,,
30-04-2025,Sales,22,Sales - Local,,35322.96,
01-05-2025,Payment,23,Sundry Deposits,10000.00,,
01-05-2025,Payment,23,HDFC Bank Current A/c,,10000.00,
01-05-2025,Sales,23,Customer 04,8328.38,,
01-05-2025,Sales,23,Sales - Local,,8328.38,
01-05-2025,Sales,24,Customer 05,81273.36,,
01-05-2025,Sales,24,Sales - Local,,81273.36,
02-05-2025,Receipt,13,Cash,15337.13,,
02-05-2025,Receipt,13,Customer 02,,15337.13,
02-05-2025,Receipt,14,HDFC Bank Current A/c,17266.40,,
02-05-2025,Receipt,14,Customer 02,,17266.40,
03-05-2025,Receipt,15,Cash,12695.46,,
03-05-2025,Receipt,15,Customer 03,,12695.46,
03-05-2025,Purchase,11,Purchases - Local,29177.20,,
03-05-2025,Purchase,11,Supplier 03,,29177.20,
04-05-2025,Sales,25,Customer 05,198990.77,,
04-05-2025,Sales,25,Sales - Local,,198990.77,
04-05-2025,Sales,26,Customer 04,107054.52,,
04-05-2025,Sales,26,Sales - Local,,107054.52,
05-05-2025,Receipt,16,HDFC Bank Current A/c,2577.14,,
05-05-2025,Receipt,16,Customer 02,,2577.14,
05-05-2025,Purchase,12,Purchases - Local,23317.06,,
05-05-2025,Purchase,12,Supplier 03,,23317.06,
06-05-2025,Payment,24,Supplier 02,15134.08,,
06-05-2025,Payment,24,HDFC Bank Current A/c,,15134.08,
06-05-2025,Payment,25,Conveyance,8615.13,,
06-05-2025,Payment,25,Cash,,8615.13,
07-05-2025,Sales,27,Cash,40265.13,,
07-05-2025,Sales,27,Sales - Local,,40265.13,
07-05-2025,Receipt,17,HDFC Bank Current A/c,249688.47,,
07-05-2025,Receipt,17,Customer 01,,249688.47,
08-05-2025,Purchase,13,Purchases - Local,34472.44,,
08-05-2025,Purchase,13,Supplier 03,,34472.44,
09-05-2025,Purchase,14,Purchases - Local,66671.23,,
09-05-2025,Purchase,14,Supplier 01,,66671.23,
10-05-2025,Purchase,15,Purchases - Local,62094.71,,
10-05-2025,Purchase,15,Supplier 01,,62094.71,
10-05-2025,Purchase,16,Purchases - Local,102265.03,,
10-05-2025,Purchase,16,Supplier 04,,102265.03,
11-05-2025,Sales,28,Customer 04,18461.79,,
11-05-2025,Sales,28,Sales - Local,,18461.79,
11-05-2025,Receipt,18,HDFC Bank Current A/c,113434.89,,
11-05-2025,Receipt,18,Customer 05,,113434.89,
12-05-2025,Sales,29,Customer 04,194715.53,,
12-05-2025,Sales,29,Sales - Local,,194715.53,
12-05-2025,Sales,30,Cash,44641.09,,
12-05-2025,Sales,30,Sales - Local,,44641.09,
13-05-2025,Receipt,19,HDFC Bank Current A/c,4289.95,,
13-05-2025,Receipt,19,Interest Received,,4289.95,
13-05-2025,Sales,31,Customer 02,141284.75,,
13-05-2025,Sales,31,Sales - Local,,141284.75,
14-05-2025,Receipt,20,HDFC Bank Current A/c,8327.51,,
14-05-2025,Receipt,20,Interest Received,,8327.51,
14-05-2025,Payment,26,Supplier 01,152621.36,,
14-05-2025,Payment,26,HDFC Bank Current A/c,,152621.36,
15-05-2025,Sales,32,Cash,46859.42,,
15-05-2025,Sales,32,Sales - Local,,46859.42,
15-05-2025,Payment,27,Conveyance,3036.36,,
15-05-2025,Payment,27,Cash,,3036.36,
16-05-2025,Payment,28,Rent,25000.00,,
16-05-2025,Payment,28,HDFC Bank Current A/c,,25000.00,
16-05-2025,Payment,29,Salary,41698.00,,
16-05-2025,Payment,29,HDFC Bank Current A/c,,41698.00,
16-05-2025,Payment,30,Electricity Charges,4411.90,,
16-05-2025,Payment,30,HDFC Bank Current A/c,,4411.90,
16-05-2025,Journal,2,Interest on Unsecured Loans,3000.00,,
16-05-2025,Journal,2,Unsecured Loan - Rajesh Kumar,,2700.00,
16-05-2025,Journal,2,TDS Payable,,300.00,
16-05-2025,Payment,31,TDS Payable,300.00,,
16-05-2025,Payment,31,HDFC Bank Current A/c,,300.00,
16-05-2025,Purchase,17,Purchases - Local,61662.96,,
16-05-2025,Purchase,17,Supplier 02,,61662.96,
16-05-2025,Sales,33,Customer 03,167977.74,,
16-05-2025,Sales,33,Sales - Local,,167977.74,
17-05-2025,Sales,34,Cash,12512.45,,
17-05-2025,Sales,34,Sales - Local,,12512.45,
17-05-2025,Receipt,21,Cash,16139.36,,
17-05-2025,Receipt,21,Customer 01,,16139.36,
18-05-2025,Sales,35,Cash,18641.14,,
18-05-2025,Sales,35,Sales - Local,,18641.14,
18-05-2025,Purchase,18,Purchases - Local,99371.18,,
18-05-2025,Purchase,18,Supplier 04,,99371.18,
19-05-2025,Payment,32,Supplier 01,4070.11,,
19-05-2025,Payment,32,HDFC Bank Current A/c,,4070.11,
19-05-2025,Payment,33,Supplier 04,166746.41,,
19-05-2025,Payment,33,HDFC Bank Current A/c,,166746.41,
20-05-2025,Payment,34,Telephone Expenses,1526.39,,
20-05-2025,Payment,34,Cash,,1526.39,
20-05-2025,Sales,36,Customer 01,70338.03,,
20-05-2025,Sales,36,Sales - Local,,70338.03,
21-05-2025,Receipt,22,Cash,16273.07,,
21-05-2025,Receipt,22,Customer 02,,16273.07,
21-05-2025,Sales,37,Customer 01,82018.62,,
21-05-2025,Sales,37,Sales - Local,,82018.62,
22-05-2025,Payment,35,Office Expenses,8642.99,,
22-05-2025,Payment,35,Cash,,8642.99,
22-05-2025,Receipt,23,Cash,9770.09,,
22-05-2025,Receipt,23,Customer 02,,9770.09,
23-05-2025,Payment,36,Telephone Expenses,7270.80,,
23-05-2025,Payment,36,Cash,,7270.80,
23-05-2025,Sales,38,Cash,49643.47,,
23-05-2025,Sales,38,Sales - Local,,49643.47,
24-05-2025,Sales,39,Cash,3837.49,,
24-05-2025,Sales,39,Sales - Local,,3837.49,
24-05-2025,Sales,40,Customer 05,112049.99,,
24-05-2025,Sales,40,Sales - Local,,112049.99,
25-05-2025,Receipt,24,HDFC Bank Current A/c,7934.34,,
25-05-2025,Receipt,24,Interest Received,,7934.34,
25-05-2025,Payment,37,Supplier 04,124797.34,,
25-05-2025,Payment,37,HDFC Bank Current A/c,,124797.34,
26-05-2025,Payment,38,Conveyance,6982.56,,
26-05-2025,Payment,38,Cash,,6982.56,
26-05-2025,Purchase,19,Purchases - Local,78846.07,,
26-05-2025,Purchase,19,Supplier 01,,78846.07,
27-05-2025,Sales,41,Customer 01,5507.82,,
27-05-2025,Sales,41,Sales - Local,,5507.82,
27-05-2025,Receipt,25,Cash,4872.28,,
27-05-2025,Receipt,25,Customer 04,,4872.28,
28-05-2025,Payment,39,Printing & Stationery,8455.01,,
28-05-2025,Payment,39,Cash,,8455.01,
28-05-2025,Receipt,26,Cash,4547.97,,
28-05-2025,Receipt,26,Customer 04,,4547.97,
29-05-2025,Sales,42,Cash,20019.90,,
29-05-2025,Sales,42,Sales - Local,,20019.90,
29-05-2025,Receipt,27,HDFC Bank Current A/c,94508.94,,
29-05-2025,Receipt,27,Customer 02,,94508.94,
30-05-2025,Sales,43,Customer 01,12945.91,,
30-05-2025,Sales,43,Sales - Local,,12945.91,
30-05-2025,Purchase,20,Purchases - Local,94647.25,,
30-05-2025,Purchase,20,Supplier 03,,94647.25,
31-05-2025,Receipt,28,Cash,18599.42,,
31-05-2025,Receipt,28,Customer 03,,18599.42,
31-05-2025,Purchase,21,Purchases - Local,16462.01,,
31-05-2025,Purchase,21,Supplier 01,,16462.01,
01-06-2025,Payment,40,Supplier 01,37234.82,,
01-06-2025,Payment,40,HDFC Bank Current A/c,,37234.82,
01-06-2025,Sales,44,Customer 03,53441.97,,
01-06-2025,Sales,44,Sales - Local,,53441.97,
02-06-2025,Purchase,22,Purchases - Local,78564.10,,
02-06-2025,Purchase,22,Supplier 01,,78564.10,
02-06-2025,Receipt,29,HDFC Bank Current A/c,117194.58,,
02-06-2025,Receipt,29,Customer 04,,117194.58,
03-06-2025,Payment,41,Staff Welfare,6309.19,,
03-06-2025,Payment,41,Cash,,6309.19,
03-06-2025,Purchase,23,Purchases - Local,95870.12,,
03-06-2025,Purchase,23,Supplier 01,,95870.12,
04-06-2025,Receipt,30,HDFC Bank Current A/c,54949.99,,
04-06-2025,Receipt,30,Customer 03,,54949.99,
04-06-2025,Sales,45,Cash,39563.45,,
04-06-2025,Sales,45,Sales - Local,,39563.45,
05-06-2025,Purchase,24,Purchases - Local,25244.38,,
05-06-2025,Purchase,24,Supplier 03,,25244.38,
05-06-2025,Purchase,25,Purchases - Local,32414.07,,
05-06-2025,Purchase,25,Supplier 03,,32414.07,
06-06-2025,Receipt,31,HDFC Bank Current A/c,233969.27,,
06-06-2025,Receipt,31,Customer 01,,233969.27,
06-06-2025,Sales,46,Customer 05,83469.26,,
06-06-2025,Sales,46,Sales - Local,,83469.26,
07-06-2025,Purchase,26,Purchases - Local,39444.84,,
07-06-2025,Purchase,26,Supplier 02,,39444.84,
07-06-2025,Payment,42,Telephone Expenses,188.79,,
07-06-2025,Payment,42,Cash,,188.79,
08-06-2025,Sales,47,Customer 01,123900.09,,
08-06-2025,Sales,47,Sales - Local,,123900.09,
08-06-2025,Receipt,32,HDFC Bank Current A/c,20082.74,,
08-06-2025,Receipt,32,Customer 05,,20082.74,
09-06-2025,Sales,48,Customer 01,80325.94,,
09-06-2025,Sales,48,Sales - Local,,80325.94,
09-06-2025,Payment,43,Conveyance,3866.13,,
09-06-2025,Payment,43,Cash,,3866.13,
10-06-2025,Sales,49,Customer 03,105563.74,,
10-06-2025,Sales,49,Sales - Local,,105563.74,
10-06-2025,Sales,50,Cash,37986.38,,
10-06-2025,Sales,50,Sales - Local,,37986.38,
11-06-2025,Receipt,33,HDFC Bank Current A/c,235822.71,,
11-06-2025,Receipt,33,Customer 05,,235822.71,
11-06-2025,Receipt,34,HDFC Bank Current A/c,5268.56,,
11-06-2025,Receipt,34,Customer 02,,5268.56,
12-06-2025,Payment,44,Printing & Stationery,3743.66,,
12-06-2025,Payment,44,Cash,,3743.66,
12-06-2025,Receipt,35,HDFC Bank Current A/c,209689.64,,
12-06-2025,Receipt,35,Customer 01,,209689.64,
13-06-2025,Receipt,36,HDFC Bank Current A/c,60333.92,,
13-06-2025,Receipt,36,Customer 05,,60333.92,
13-06-2025,Payment,45,Supplier 01,190344.57,,
13-06-2025,Payment,45,HDFC Bank Current A/c,,190344.57,
14-06-2025,Receipt,37,HDFC Bank Current A/c,2736.54,,
14-06-2025,Receipt,37,Interest Received,,2736.54,
14-06-2025,Sales,51,Cash,7667.81,,
14-06-2025,Sales,51,Sales - Local,,7667.81,
15-06-2025,Payment,46,Rent,25000.00,,
15-06-2025,Payment,46,HDFC Bank Current A/c,,25000.00,
15-06-2025,Payment,47,Salary,43432.51,,
15-06-2025,Payment,47,HDFC Bank Current A/c,,43432.51,
15-06-2025,Payment,48,Electricity Charges,5991.74,,
15-06-2025,Payment,48,HDFC Bank Current A/c,,5991.74,
15-06-2025,Journal,3,Interest on Unsecured Loans,3000.00,,
15-06-2025,Journal,3,Unsecured Loan - Rajesh Kumar,,2700.00,
15-06-2025,Journal,3,TDS Payable,,300.00,
15-06-2025,Payment,49,TDS Payable,300.00,,
15-06-2025,Payment,49,HDFC Bank Current A/c,,300.00,
15-06-2025,Payment,50,Supplier 03,170626.04,,
15-06-2025,Payment,50,HDFC Bank Current A/c,,170626.04,
15-06-2025,Sales,52,Customer 02,12719.05,,
15-06-2025,Sales,52,Sales - Local,,12719.05,
16-06-2025,Sales,53,Customer 05,19569.80,,
16-06-2025,Sales,53,Sales - Local,,19569.80,
16-06-2025,Sales,54,Cash,27407.62,,
16-06-2025,Sales,54,Sales - Local,,27407.62,
17-06-2025,Sales,55,Cash,46380.24,,
17-06-2025,Sales,55,Sales - Local,,46380.24,
17-06-2025,Sales,56,Customer 05,7781.37,,
17-06-2025,Sales,56,Sales - Local,,7781.37,
18-06-2025,Sales,57,Customer 01,186666.56,,
18-06-2025,Sales,57,Sales - Local,,186666.56,
18-06-2025,Sales,58,Cash,19837.71,,
18-06-2025,Sales,58,Sales - Local,,19837.71,
19-06-2025,Purchase,27,Purchases - Local,95558.51,,
19-06-2025,Purchase,27,Supplier 04,,95558.51,
19-06-2025,Sales,59,Cash,43053.87,,
19-06-2025,Sales,59,Sales - Local,,43053.87,
20-06-2025,Payment,51,Supplier 01,49098.63,,
20-06-2025,Payment,51,HDFC Bank Current A/c,,49098.63,
20-06-2025,Payment,52,Supplier 04,103572.02,,
20-06-2025,Payment,52,HDFC Bank Current A/c,,103572.02,
21-06-2025,Receipt,38,HDFC Bank Current A/c,12939.64,,
21-06-2025,Receipt,38,Customer 02,,12939.64,
21-06-2025,Purchase,28,Purchases - Local,6337.84,,
21-06-2025,Purchase,28,Supplier 03,,6337.84,
22-06-2025,Purchase,29,Purchases - Local,30352.49,,
22-06-2025,Purchase,29,Supplier 02,,30352.49,
22-06-2025,Receipt,39,Cash,14359.71,,
22-06-2025,Receipt,39,Customer 03,,14359.71,
23-06-2025,Sales,60,Cash,16257.04,,
23-06-2025,Sales,60,Sales - Local,,16257.04,
23-06-2025,Purchase,30,Purchases - Local,114245.43,,
23-06-2025,Purchase,30,Supplier 01,,114245.43,
24-06-2025,Receipt,40,Cash,4237.08,,
24-06-2025,Receipt,40,Customer 05,,4237.08,
24-06-2025,Sales,61,Cash,9538.80,,
24-06-2025,Sales,61,Sales - Local,,9538.80,
25-06-2025,Receipt,41,HDFC Bank Current A/c,53657.24,,
25-06-2025,Receipt,41,Customer 04,,53657.24,
25-06-2025,Purchase,31,Purchases - Local,88872.08,,
25-06-2025,Purchase,31,Supplier 01,,88872.08,
26-06-2025,Sales,62,Customer 05,25914.17,,
26-06-2025,Sales,62,Sales - Local,,25914.17,
26-06-2025,Sales,63,Customer 01,179618.00,,
26-06-2025,Sales,63,Sales - Local,,179618.00,
27-06-2025,Sales,64,Customer 01,61447.71,,
27-06-2025,Sales,64,Sales - Local,,61447.71,
27-06-2025,Receipt,42,HDFC Bank Current A/c,10509.35,,
27-06-2025,Receipt,42,Customer 02,,10509.35,
28-06-2025,Payment,53,Supplier 03,66443.96,,
28-06-2025,Payment,53,HDFC Bank Current A/c,,66443.96,
28-06-2025,Purchase,32,Purchases - Local,29118.81,,
28-06-2025,Purchase,32,Supplier 04,,29118.81,
29-06-2025,Purchase,33,Purchases - Local,59985.86,,
29-06-2025,Purchase,33,Supplier 01,,59985.86,
29-06-2025,Purchase,34,Purchases - Local,20903.89,,
29-06-2025,Purchase,34,Supplier 04,,20903.89,
30-06-2025,Payment,54,Bank Charges,69.07,,
30-06-2025,Payment,54,HDFC Bank Current A/c,,69.07,
30-06-2025,Purchase,35,Purchases - Local,64359.00,,
30-06-2025,Purchase,35,Supplier 01,,64359.00,
01-07-2025,Sales,65,Customer 02,199152.61,,
01-07-2025,Sales,65,Sales - Local,,199152.61,
01-07-2025,Sales,66,Cash,23795.50,,
01-07-2025,Sales,66,Sales - Local,,23795.50,
02-07-2025,Payment,55,Supplier 01,80969.11,,
02-07-2025,Payment,55,HDFC Bank Current A/c,,80969.11,
02-07-2025,Sales,67,Customer 04,176122.84,,
02-07-2025,Sales,67,Sales - Local,,176122.84,
03-07-2025,Purchase,36,Purchases - Local,108993.08,,
03-07-2025,Purchase,36,Supplier 04,,108993.08,
03-07-2025,Sales,68,Cash,18798.01,,
03-07-2025,Sales,68,Sales - Local,,18798.01,
04-07-2025,Purchase,37,Purchases - Local,112137.31,,
04-07-2025,Purchase,37,Supplier 02,,112137.31,
04-07-2025,Receipt,43,HDFC Bank Current A/c,255091.35,,
04-07-2025,Receipt,43,Customer 05,,255091.35,
05-07-2025,Receipt,44,Cash,1841.11,,
05-07-2025,Receipt,44,Customer 04,,1841.11,
05-07-2025,Receipt,45,HDFC Bank Current A/c,34529.77,,
05-07-2025,Receipt,45,Customer 02,,34529.77,
06-07-2025,Sales,69,Cash,8287.62,,
06-07-2025,Sales,69,Sales - Local,,8287.62,
06-07-2025,Payment,56,Supplier 02,44495.39,,
06-07-2025,Payment,56,HDFC Bank Current A/c,,44495.39,
07-07-2025,Purchase,38,Purchases - Local,18857.23,,
07-07-2025,Purchase,38,Supplier 02,,18857.23,
07-07-2025,Receipt,46,Cash,13938.54,,
07-07-2025,Receipt,46,Customer 01,,13938.54,
08-07-2025,Sales,70,Customer 01,96709.85,,
08-07-2025,Sales,70,Sales - Local,,96709.85,
08-07-2025,Payment,57,Supplier 01,192898.96,,
08-07-2025,Payment,57,HDFC Bank Current A/c,,192898.96,
09-07-2025,Payment,58,Supplier 02,54370.59,,
09-07-2025,Payment,58,HDFC Bank Current A/c,,54370.59,
09-07-2025,Receipt,47,HDFC Bank Current A/c,5639.13,,
09-07-2025,Receipt,47,Interest Received,,5639.13,
10-07-2025,Receipt,48,HDFC Bank Current A/c,86869.82,,
10-07-2025,Receipt,48,Customer 04,,86869.82,
10-07-2025,Sales,71,Cash,17728.92,,
10-07-2025,Sales,71,Sales - Local,,17728.92,
11-07-2025,Payment,59,Supplier 04,98966.67,,
11-07-2025,Payment,59,HDFC Bank Current A/c,,98966.67,
11-07-2025,Payment,60,Bank Charges,84.90,,
11-07-2025,Payment,60,HDFC Bank Current A/c,,84.90,
12-07-2025,Receipt,49,HDFC Bank Current A/c,23196.08,,
12-07-2025,Receipt,49,Customer 05,,23196.08,
12-07-2025,Sales,72,Customer 05,143665.02,,
12-07-2025,Sales,72,Sales - Local,,143665.02,
13-07-2025,Sales,73,Cash,15127.02,,
13-07-2025,Sales,73,Sales - Local,,15127.02,
13-07-2025,Purchase,39,Purchases - Local,15388.27,,
13-07-2025,Purchase,39,Supplier 02,,15388.27,
14-07-2025,Receipt,50,Cash,8304.12,,
14-07-2025,Receipt,50,Customer 01,,8304.12,
14-07-2025,Sales,74,Cash,24026.66,,
14-07-2025,Sales,74,Sales - Local,,24026.66,
15-07-2025,Payment,61,Rent,25000.00,,
15-07-2025,Payment,61,HDFC Bank Current A/c,,25000.00,
15-07-2025,Payment,62,Salary,40074.22,,
15-07-2025,Payment,62,HDFC Bank Current A/c,,40074.22,
15-07-2025,Payment,63,Electricity Charges,4225.49,,
15-07-2025,Payment,63,HDFC Bank Current A/c,,4225.49,
15-07-2025,Journal,4,Interest on Unsecured Loans,3000.00,,
15-07-2025,Journal,4,Unsecured Loan - Rajesh Kumar,,2700.00,
15-07-2025,Journal,4,TDS Payable,,300.00,
15-07-2025,Payment,64,TDS Payable,300.00,,
15-07-2025,Payment,64,HDFC Bank Current A/c,,300.00,
15-07-2025,Sales,75,Cash,33590.81,,
15-07-2025,Sales,75,Sales - Local,,33590.81,
15-07-2025,Purchase,40,Purchases - Local,47007.03,,
15-07-2025,Purchase,40,Supplier 01,,47007.03,
16-07-2025,Sales,76,Customer 04,124992.52,,
16-07-2025,Sales,76,Sales - Local,,124992.52,
16-07-2025,Purchase,41,Purchases - Local,89170.50,,
16-07-2025,Purchase,41,Supplier 04,,89170.50,
17-07-2025,Receipt,51,Cash,16538.77,,
17-07-2025,Receipt,51,Customer 05,,16538.77,
17-07-2025,Sales,77,Cash,42686.80,,
17-07-2025,Sales,77,Sales - Local,,42686.80,
18-07-2025,Receipt,52,Cash,12384.38,,
18-07-2025,Receipt,52,Customer 05,,12384.38,
18-07-2025,Payment,65,Supplier 01,105554.87,,
18-07-2025,Payment,65,HDFC Bank Current A/c,,105554.87,
19-07-2025,Payment,66,Telephone Expenses,6576.42,,
19-07-2025,Payment,66,Cash,,6576.42,
19-07-2025,Receipt,53,HDFC Bank Current A/c,40980.86,,
19-07-2025,Receipt,53,Customer 03,,40980.86,
20-07-2025,Sales,78,Customer 05,36000.92,,
20-07-2025,Sales,78,Sales - Local,,36000.92,
20-07-2025,Payment,67,Staff Welfare,710.74,,
20-07-2025,Payment,67,Cash,,710.74,
21-07-2025,Sales,79,Cash,12159.59,,
21-07-2025,Sales,79,Sales - Local,,12159.59,
21-07-2025,Sales,80,Customer 01,184849.60,,
21-07-2025,Sales,80,Sales - Local,,184849.60,
22-07-2025,Sales,81,Customer 02,97687.30,,
22-07-2025,Sales,81,Sales - Local,,97687.30,
22-07-2025,Payment,68,Supplier 04,108336.15,,
22-07-2025,Payment,68,HDFC Bank Current A/c,,108336.15,
23-07-2025,Payment,69,Supplier 02,236966.81,,
23-07-2025,Payment,69,HDFC Bank Current A/c,,236966.81,
23-07-2025,Sales,82,Customer 01,113739.09,,
23-07-2025,Sales,82,Sales - Local,,113739.09,
24-07-2025,Sales,83,Customer 03,15688.76,,
24-07-2025,Sales,83,Sales - Local,,15688.76,
24-07-2025,Receipt,54,Cash,10231.60,,
24-07-2025,Receipt,54,Customer 05,,10231.60,
25-07-2025,Payment,70,Supplier 04,52116.80,,
25-07-2025,Payment,70,HDFC Bank Current A/c,,52116.80,
25-07-2025,Purchase,42,Purchases - Local,85374.89,,
25-07-2025,Purchase,42,Supplier 02,,85374.89,
26-07-2025,Sales,84,Customer 02,142851.75,,
26-07-2025,Sales,84,Sales - Local,,142851.75,
26-07-2025,Purchase,43,Purchases - Local,90699.05,,
26-07-2025,Purchase,43,Supplier 04,,90699.05,
27-07-2025,Sales,85,Customer 03,189489.03,,
27-07-2025,Sales,85,Sales - Local,,189489.03,
27-07-2025,Purchase,44,Purchases - Local,103128.35,,
27-07-2025,Purchase,44,Supplier 04,,103128.35,
28-07-2025,Payment,71,Bank Charges,130.19,,
28-07-2025,Payment,71,HDFC Bank Current A/c,,130.19,
28-07-2025,Payment,72,Supplier 01,5813.81,,
28-07-2025,Payment,72,HDFC Bank Current A/c,,5813.81,
29-07-2025,Payment,73,Telephone Expenses,1341.80,,
29-07-2025,Payment,73,Cash,,1341.80,
29-07-2025,Payment,74,Supplier 03,23961.82,,
29-07-2025,Payment,74,HDFC Bank Current A/c,,23961.82,
30-07-2025,Sales,86,Customer 04,21020.09,,
30-07-2025,Sales,86,Sales - Local,,21020.09,
30-07-2025,Purchase,45,Purchases - Local,34682.97,,
30-07-2025,Purchase,45,Supplier 02,,34682.97,
31-07-2025,Receipt,55,Cash,4359.06,,
31-07-2025,Receipt,55,Customer 05,,4359.06,
31-07-2025,Payment,75,Supplier 01,4038.12,,
31-07-2025,Payment,75,HDFC Bank Current A/c,,4038.12,
01-08-2025,Receipt,56,HDFC Bank Current A/c,3254.34,,
01-08-2025,Receipt,56,Interest Received,,3254.34,
01-08-2025,Receipt,57,Cash,11755.65,,
01-08-2025,Receipt,57,Customer 01,,11755.65,
02-08-2025,Receipt,58,HDFC Bank Current A/c,375812.40,,
02-08-2025,Receipt,58,Customer 03,,375812.40,
02-08-2025,Payment,76,Staff Welfare,4278.90,,
02-08-2025,Payment,76,Cash,,4278.90,
03-08-2025,Sales,87,Cash,42394.31,,
03-08-2025,Sales,87,Sales - Local,,42394.31,
03-08-2025,Receipt,59,Cash,11916.57,,
03-08-2025,Receipt,59,Customer 03,,11916.57,
04-08-2025,Receipt,60,HDFC Bank Current A/c,396806.55,,
04-08-2025,Receipt,60,Customer 04,,396806.55,
04-08-2025,Receipt,61,Cash,11121.50,,
04-08-2025,Receipt,61,Customer 01,,11121.50,
05-08-2025,Receipt,62,Cash,15780.49,,
05-08-2025,Receipt,62,Customer 05,,15780.49,
05-08-2025,Sales,88,Customer 02,118706.49,,
05-08-2025,Sales,88,Sales - Local,,118706.49,
06-08-2025,Receipt,63,HDFC Bank Current A/c,74608.51,,
06-08-2025,Receipt,63,Customer 04,,74608.51,
06-08-2025,Sales,89,Customer 04,101048.75,,
06-08-2025,Sales,89,Sales - Local,,101048.75,
07-08-2025,Sales,90,Customer 04,138027.37,,
07-08-2025,Sales,90,Sales - Local,,138027.37,
08-08-2025,Sales,91,Cash,31218.75,,
08-08-2025,Sales,91,Sales - Local,,31218.75,
08-08-2025,Sales,92,Cash,6574.93,,
08-08-2025,Sales,92,Sales - Local,,6574.93,
09-08-2025,Purchase,46,Purchases - Local,67302.45,,
09-08-2025,Purchase,46,Supplier 03,,67302.45,
09-08-2025,Purchase,47,Purchases - Local,22963.19,,
09-08-2025,Purchase,47,Supplier 01,,22963.19,
10-08-2025,Sales,93,Customer 03,49789.93,,
10-08-2025,Sales,93,Sales - Local,,49789.93,
10-08-2025,Sales,94,Customer 02,112966.51,,
10-08-2025,Sales,94,Sales - Local,,112966.51,
11-08-2025,Receipt,64,HDFC Bank Current A/c,50674.85,,
11-08-2025,Receipt,64,Customer 03,,50674.85,
11-08-2025,Receipt,65,Cash,5083.58,,
11-08-2025,Receipt,65,Customer 05,,5083.58,
12-08-2025,Sales,95,Customer 05,132422.98,,
12-08-2025,Sales,95,Sales - Local,,132422.98,
12-08-2025,Sales,96,Customer 04,105244.71,,
12-08-2025,Sales,96,Sales - Local,,105244.71,
13-08-2025,Payment,77,Supplier 04,221981.85,,
13-08-2025,Payment,77,HDFC Bank Current A/c,,221981.85,
13-08-2025,Sales,97,Customer 05,117596.25,,
13-08-2025,Sales,97,Sales - Local,,117596.25,
14-08-2025,Payment,78,Rent,25000.00,,
14-08-2025,Payment,78,HDFC Bank Current A/c,,25000.00,
14-08-2025,Payment,79,Salary,45354.80,,
14-08-2025,Payment,79,HDFC Bank Current A/c,,45354.80,
14-08-2025,Payment,80,Electricity Charges,4908.39,,
14-08-2025,Payment,80,HDFC Bank Current A/c,,4908.39,
14-08-2025,Journal,5,Interest on Unsecured Loans,3000.00,,
14-08-2025,Journal,5,Unsecured Loan - Rajesh Kumar,,2700.00,
14-08-2025,Journal,5,TDS Payable,,300.00,
14-08-2025,Payment,81,TDS Payable,300.00,,
14-08-2025,Payment,81,HDFC Bank Current A/c,,300.00,
14-08-2025,Receipt,66,Cash,5089.14,,
14-08-2025,Receipt,66,Customer 03,,5089.14,
14-08-2025,Purchase,48,Purchases - Local,15420.07,,
14-08-2025,Purchase,48,Supplier 02,,15420.07,
15-08-2025,Sales,98,Customer 02,175774.69,,
15-08-2025,Sales,98,Sales - Local,,175774.69,
15-08-2025,Payment,82,Bank Charges,351.47,,
15-08-2025,Payment,82,HDFC Bank Current A/c,,351.47,
16-08-2025,Payment,83,Supplier 03,4679.28,,
16-08-2025,Payment,83,HDFC Bank Current A/c,,4679.28,
16-08-2025,Payment,84,Supplier 04,7728.09,,
16-08-2025,Payment,84,HDFC Bank Current A/c,,7728.09,
17-08-2025,Payment,85,Supplier 03,28657.35,,
17-08-2025,Payment,85,HDFC Bank Current A/c,,28657.35,
17-08-2025,Purchase,49,Purchases - Local,80363.32,,
17-08-2025,Purchase,49,Supplier 01,,80363.32,
18-08-2025,Receipt,67,HDFC Bank Current A/c,8818.08,,
18-08-2025,Receipt,67,Interest Received,,8818.08,
18-08-2025,Sales,99,Cash,2595.50,,
18-08-2025,Sales,99,Sales - Local,,2595.50,
19-08-2025,Receipt,68,HDFC Bank Current A/c,625109.31,,
19-08-2025,Receipt,68,Customer 02,,625109.31,
19-08-2025,Receipt,69,HDFC Bank Current A/c,234838.55,,
19-08-2025,Receipt,69,Customer 05,,234838.55,
20-08-2025,Payment,86,Bank Charges,175.01,,
20-08-2025,Payment,86,HDFC Bank Current A/c,,175.01,
20-08-2025,Sales,100,Cash,26626.42,,
20-08-2025,Sales,100,Sales - Local,,26626.42,
21-08-2025,Purchase,50,Purchases - Local,35387.04,,
21-08-2025,Purchase,50,Supplier 03,,35387.04,
21-08-2025,Purchase,51,Purchases - Local,34613.18,,
21-08-2025,Purchase,51,Supplier 04,,34613.18,
22-08-2025,Receipt,70,HDFC Bank Current A/c,2082.15,,
22-08-2025,Receipt,70,Interest Received,,2082.15,
22-08-2025,Sales,101,Cash,46748.91,,
22-08-2025,Sales,101,Sales - Local,,46748.91,
23-08-2025,Purchase,52,Purchases - Local,37421.02,,
23-08-2025,Purchase,52,Supplier 03,,37421.02,
23-08-2025,Sales,102,Customer 01,127897.46,,
23-08-2025,Sales,102,Sales - Local,,127897.46,
24-08-2025,Receipt,71,Cash,13473.73,,
24-08-2025,Receipt,71,Customer 03,,13473.73,
24-08-2025,Purchase,53,Purchases - Local,88402.20,,
24-08-2025,Purchase,53,Supplier 01,,88402.20,
25-08-2025,Sales,103,Cash,42030.76,,
25-08-2025,Sales,103,Sales - Local,,42030.76,
25-08-2025,Receipt,72,Cash,2534.77,,
25-08-2025,Receipt,72,Customer 05,,2534.77,
26-08-2025,Payment,87,Bank Charges,193.02,,
26-08-2025,Payment,87,HDFC Bank Current A/c,,193.02,
26-08-2025,Payment,88,Printing & Stationery,2487.61,,
26-08-2025,Payment,88,Cash,,2487.61,
27-08-2025,Sales,104,Cash,14189.28,,
27-08-2025,Sales,104,Sales - Local,,14189.28,
27-08-2025,Sales,105,Customer 04,33464.73,,
27-08-2025,Sales,105,Sales - Local,,33464.73,
28-08-2025,Purchase,54,Purchases - Local,22736.09,,
28-08-2025,Purchase,54,Supplier 02,,22736.09,
28-08-2025,Purchase,55,Purchases - Local,57434.21,,
28-08-2025,Purchase,55,Supplier 03,,57434.21,
29-08-2025,Receipt,73,HDFC Bank Current A/c,51220.79,,
29-08-2025,Receipt,73,Customer 02,,51220.79,
29-08-2025,Receipt,74,HDFC Bank Current A/c,21931.45,,
29-08-2025,Receipt,74,Customer 05,,21931.45,
30-08-2025,Sales,106,Cash,15476.07,,
30-08-2025,Sales,106,Sales - Local,,15476.07,
30-08-2025,Payment,89,Supplier 01,175505.10,,
30-08-2025,Payment,89,HDFC Bank Current A/c,,175505.10,
31-08-2025,Payment,90,Staff Welfare,387.20,,
31-08-2025,Payment,90,Cash,,387.20,
31-08-2025,Purchase,56,Purchases - Local,47460.20,,
31-08-2025,Purchase,56,Supplier 02,,47460.20,
01-09-2025,Purchase,57,Purchases - Local,96447.43,,
01-09-2025,Purchase,57,Supplier 04,,96447.43,
01-09-2025,Payment,91,Staff Welfare,1241.44,,
01-09-2025,Payment,91,Cash,,1241.44,
02-09-2025,Payment,92,Telephone Expenses,1715.98,,
02-09-2025,Payment,92,Cash,,1715.98,
02-09-2025,Purchase,58,Purchases - Local,110784.28,,
02-09-2025,Purchase,58,Supplier 03,,110784.28,
03-09-2025,Sales,107,Customer 04,38113.41,,
03-09-2025,Sales,107,Sales - Local,,38113.41,
03-09-2025,Purchase,59,Purchases - Local,111263.95,,
03-09-2025,Purchase,59,Supplier 01,,111263.95,
04-09-2025,Receipt,75,Cash,10824.96,,
04-09-2025,Receipt,75,Customer 04,,10824.96,
04-09-2025,Sales,108,Customer 03,173355.79,,
04-09-2025,Sales,108,Sales - Local,,173355.79,
05-09-2025,Payment,93,Supplier 04,74339.39,,
05-09-2025,Payment,93,HDFC Bank Current A/c,,74339.39,
05-09-2025,Sales,109,Customer 05,32960.33,,
05-09-2025,Sales,109,Sales - Local,,32960.33,
06-09-2025,Receipt,76,HDFC Bank Current A/c,75103.00,,
06-09-2025,Receipt,76,Customer 05,,75103.00,
06-09-2025,Payment,94,Staff Welfare,8317.57,,
06-09-2025,Payment,94,Cash,,8317.57,
07-09-2025,Sales,110,Customer 03,6130.59,,
07-09-2025,Sales,110,Sales - Local,,6130.59,
07-09-2025,Receipt,77,HDFC Bank Current A/c,42856.86,,
07-09-2025,Receipt,77,Customer 03,,42856.86,
08-09-2025,Sales,111,Customer 01,182375.66,,
08-09-2025,Sales,111,Sales - Local,,182375.66,
08-09-2025,Payment,95,Supplier 01,19968.25,,
08-09-2025,Payment,95,HDFC Bank Current A/c,,19968.25,
09-09-2025,Purchase,60,Purchases - Local,41905.44,,
09-09-2025,Purchase,60,Supplier 04,,41905.44,
09-09-2025,Receipt,78,Cash,8533.02,,
09-09-2025,Receipt,78,Customer 05,,8533.02,
10-09-2025,Sales,112,Customer 02,62781.26,,
10-09-2025,Sales,112,Sales - Local,,62781.26,
10-09-2025,Sales,113,Customer 05,163539.59,,
10-09-2025,Sales,113,Sales - Local,,163539.59,
11-09-2025,Receipt,79,Cash,14076.65,,
11-09-2025,Receipt,79,Customer 03,,14076.65,
11-09-2025,Sales,114,Customer 04,134987.61,,
11-09-2025,Sales,114,Sales - Local,,134987.61,
12-09-2025,Receipt,80,HDFC Bank Current A/c,493277.48,,
12-09-2025,Receipt,80,Customer 01,,493277.48,
12-09-2025,Sales,115,Customer 02,145258.81,,
12-09-2025,Sales,115,Sales - Local,,145258.81,
13-09-2025,Payment,96,Rent,25000.00,,
13-09-2025,Payment,96,HDFC Bank Current A/c,,25000.00,
13-09-2025,Payment,97,Salary,45416.13,,
13-09-2025,Payment,97,HDFC Bank Current A/c,,45416.13,
13-09-2025,Payment,98,Electricity Charges,5238.36,,
13-09-2025,Payment,98,HDFC Bank Current A/c,,5238.36,
13-09-2025,Journal,6,Interest on Unsecured Loans,3000.00,,
13-09-2025,Journal,6,Unsecured Loan - Rajesh Kumar,,2700.00,
13-09-2025,Journal,6,TDS Payable,,300.00,
13-09-2025,Payment,99,TDS Payable,300.00,,
13-09-2025,Payment,99,HDFC Bank Current A/c,,300.00,
13-09-2025,Sales,116,Customer 04,39461.01,,
13-09-2025,Sales,116,Sales - Local,,39461.01,
13-09-2025,Payment,100,Supplier 01,47484.67,,
13-09-2025,Payment,100,HDFC Bank Current A/c,,47484.67,
14-09-2025,Receipt,81,HDFC Bank Current A/c,4700.88,,
14-09-2025,Receipt,81,Customer 03,,4700.88,
14-09-2025,Receipt,82,HDFC Bank Current A/c,3361.32,,
14-09-2025,Receipt,82,Interest Received,,3361.32,
15-09-2025,Payment,101,Supplier 01,32387.19,,
15-09-2025,Payment,101,HDFC Bank Current A/c,,32387.19,
15-09-2025,Sales,117,Customer 01,62659.80,,
15-09-2025,Sales,117,Sales - Local,,62659.80,
16-09-2025,Payment,102,Conveyance,345.12,,
16-09-2025,Payment,102,Cash,,345.12,
16-09-2025,Receipt,83,HDFC Bank Current A/c,128745.74,,
16-09-2025,Receipt,83,Customer 05,,128745.74,
17-09-2025,Sales,118,Customer 03,157476.15,,
17-09-2025,Sales,118,Sales - Local,,157476.15,
17-09-2025,Payment,103,Conveyance,8442.72,,
17-09-2025,Payment,103,Cash,,8442.72,
18-09-2025,Receipt,84,HDFC Bank Current A/c,204304.42,,
18-09-2025,Receipt,84,Customer 02,,204304.42,
18-09-2025,Receipt,85,HDFC Bank Current A/c,20725.56,,
18-09-2025,Receipt,85,Customer 02,,20725.56,
19-09-2025,Sales,119,Cash,20116.12,,
19-09-2025,Sales,119,Sales - Local,,20116.12,
19-09-2025,Purchase,61,Purchases - Local,8311.75,,
19-09-2025,Purchase,61,Supplier 03,,8311.75,
20-09-2025,Sales,120,Cash,11621.78,,
20-09-2025,Sales,120,Sales - Local,,11621.78,
20-09-2025,Receipt,86,HDFC Bank Current A/c,499535.70,,
20-09-2025,Receipt,86,Customer 04,,499535.70,
21-09-2025,Receipt,87,HDFC Bank Current A/c,742258.95,,
21-09-2025,Receipt,87,Customer 01,,742258.95,
21-09-2025,Payment,104,Printing & Stationery,6772.69,,
21-09-2025,Payment,104,Cash,,6772.69,
22-09-2025,Payment,105,Bank Charges,151.77,,
22-09-2025,Payment,105,HDFC Bank Current A/c,,151.77,
22-09-2025,Purchase,62,Purchases - Local,90282.40,,
22-09-2025,Purchase,62,Supplier 02,,90282.40,
23-09-2025,Receipt,88,HDFC Bank Current A/c,18882.99,,
23-09-2025,Receipt,88,Customer 04,,18882.99,
23-09-2025,Payment,106,Supplier 04,4494.74,,
23-09-2025,Payment,106,HDFC Bank Current A/c,,4494.74,
24-09-2025,Sales,121,Customer 02,186950.86,,
24-09-2025,Sales,121,Sales - Local,,186950.86,
24-09-2025,Sales,122,Customer 02,180017.46,,
24-09-2025,Sales,122,Sales - Local,,180017.46,
25-09-2025,Purchase,63,Purchases - Local,30643.12,,
25-09-2025,Purchase,63,Supplier 01,,30643.12,
25-09-2025,Payment,107,Office Expenses,3213.89,,
25-09-2025,Payment,107,Cash,,3213.89,
26-09-2025,Receipt,89,HDFC Bank Current A/c,85280.74,,
26-09-2025,Receipt,89,Customer 01,,85280.74,
26-09-2025,Purchase,64,Purchases - Local,18357.08,,
26-09-2025,Purchase,64,Supplier 03,,18357.08,
27-09-2025,Purchase,65,Purchases - Local,20523.76,,
27-09-2025,Purchase,65,Supplier 03,,20523.76,
27-09-2025,Purchase,66,Purchases - Local,108177.77,,
27-09-2025,Purchase,66,Supplier 01,,108177.77,
28-09-2025,Sales,123,Cash,26477.34,,
28-09-2025,Sales,123,Sales - Local,,26477.34,
28-09-2025,Payment,108,Supplier 02,114071.89,,
28-09-2025,Payment,108,HDFC Bank Current A/c,,114071.89,
29-09-2025,Receipt,90,Cash,11499.42,,
29-09-2025,Receipt,90,Customer 02,,11499.42,
29-09-2025,Payment,109,Printing & Stationery,5938.60,,
29-09-2025,Payment,109,Cash,,5938.60,
30-09-2025,Receipt,91,HDFC Bank Current A/c,50957.89,,
30-09-2025,Receipt,91,Customer 05,,50957.89,
30-09-2025,Sales,124,Customer 02,143856.41,,
30-09-2025,Sales,124,Sales - Local,,143856.41,
01-10-2025,Sales,125,Customer 01,44860.51,,
01-10-2025,Sales,125,Sales - Local,,44860.51,
01-10-2025,Sales,126,Cash,11741.01,,
01-10-2025,Sales,126,Sales - Local,,11741.01,
02-10-2025,Payment,110,Supplier 02,124907.92,,
02-10-2025,Payment,110,HDFC Bank Current A/c,,124907.92,
02-10-2025,Receipt,92,HDFC Bank Current A/c,314913.87,,
02-10-2025,Receipt,92,Customer 03,,314913.87,
03-10-2025,Sales,127,Customer 02,149349.95,,
03-10-2025,Sales,127,Sales - Local,,149349.95,
03-10-2025,Receipt,93,HDFC Bank Current A/c,26169.50,,
03-10-2025,Receipt,93,Customer 05,,26169.50,
04-10-2025,Payment,111,Staff Welfare,7102.60,,
04-10-2025,Payment,111,Cash,,7102.60,
04-10-2025,Receipt,94,Cash,14852.57,,
04-10-2025,Receipt,94,Customer 01,,14852.57,
05-10-2025,Sales,128,Cash,22370.53,,
05-10-2025,Sales,128,Sales - Local,,22370.53,
05-10-2025,Sales,129,Customer 04,187181.04,,
05-10-2025,Sales,129,Sales - Local,,187181.04,
06-10-2025,Sales,130,Customer 04,177136.42,,
06-10-2025,Sales,130,Sales - Local,,177136.42,
06-10-2025,Purchase,67,Purchases - Local,61135.10,,
06-10-2025,Purchase,67,Supplier 04,,61135.10,
07-10-2025,Sales,131,Cash,6995.53,,
07-10-2025,Sales,131,Sales - Local,,6995.53,
07-10-2025,Receipt,95,HDFC Bank Current A/c,1912.97,,
07-10-2025,Receipt,95,Customer 03,,1912.97,
08-10-2025,Sales,132,Customer 03,88703.82,,
08-10-2025,Sales,132,Sales - Local,,88703.82,
08-10-2025,Purchase,68,Purchases - Local,61073.53,,
08-10-2025,Purchase,68,Supplier 01,,61073.53,
09-10-2025,Sales,133,Customer 02,108466.49,,
09-10-2025,Sales,133,Sales - Local,,108466.49,
09-10-2025,Sales,134,Customer 01,50137.86,,
09-10-2025,Sales,134,Sales - Local,,50137.86,
10-10-2025,Purchase,69,Purchases - Local,44014.89,,
10-10-2025,Purchase,69,Supplier 02,,44014.89,
10-10-2025,Purchase,70,Purchases - Local,26111.74,,
10-10-2025,Purchase,70,Supplier 01,,26111.74,
11-10-2025,Sales,135,Customer 02,121519.50,,
11-10-2025,Sales,135,Sales - Local,,121519.50,
11-10-2025,Payment,112,Telephone Expenses,9196.94,,
11-10-2025,Payment,112,Cash,,9196.94,
12-10-2025,Receipt,96,Cash,13936.87,,
12-10-2025,Receipt,96,Customer 02,,13936.87,
12-10-2025,Sales,136,Customer 04,141040.14,,
12-10-2025,Sales,136,Sales - Local,,141040.14,
13-10-2025,Payment,113,Rent,25000.00,,
13-10-2025,Payment,113,HDFC Bank Current A/c,,25000.00,
13-10-2025,Payment,114,Salary,52875.88,,
13-10-2025,Payment,114,HDFC Bank Current A/c,,52875.88,
13-10-2025,Payment,115,Electricity Charges,5894.90,,
13-10-2025,Payment,115,HDFC Bank Current A/c,,5894.90,
13-10-2025,Journal,7,Interest on Unsecured Loans,3000.00,,
13-10-2025,Journal,7,Unsecured Loan - Rajesh Kumar,,2700.00,
13-10-2025,Journal,7,TDS Payable,,300.00,
13-10-2025,Payment,116,TDS Payable,300.00,,
13-10-2025,Payment,116,HDFC Bank Current A/c,,300.00,
13-10-2025,Receipt,97,HDFC Bank Current A/c,34762.04,,
13-10-2025,Receipt,97,Customer 04,,34762.04,
13-10-2025,Payment,117,Supplier 01,250925.25,,
13-10-2025,Payment,117,HDFC Bank Current A/c,,250925.25,
14-10-2025,Receipt,98,HDFC Bank Current A/c,14915.28,,
14-10-2025,Receipt,98,Customer 01,,14915.28,
14-10-2025,Payment,118,Supplier 04,148424.15,,
14-10-2025,Payment,118,HDFC Bank Current A/c,,148424.15,
15-10-2025,Sales,137,Customer 04,109953.12,,
15-10-2025,Sales,137,Sales - Local,,109953.12,
15-10-2025,Sales,138,Customer 01,5460.99,,
15-10-2025,Sales,138,Sales - Local,,5460.99,
16-10-2025,Sales,139,Cash,874.77,,
16-10-2025,Sales,139,Sales - Local,,874.77,
16-10-2025,Sales,140,Cash,42640.11,,
16-10-2025,Sales,140,Sales - Local,,42640.11,
17-10-2025,Payment,119,Telephone Expenses,2673.39,,
17-10-2025,Payment,119,Cash,,2673.39,
17-10-2025,Payment,120,Supplier 01,2679.24,,
17-10-2025,Payment,120,HDFC Bank Current A/c,,2679.24,
18-10-2025,Payment,121,Telephone Expenses,6708.94,,
18-10-2025,Payment,121,Cash,,6708.94,
18-10-2025,Payment,122,Conveyance,9105.53,,
18-10-2025,Payment,122,Cash,,9105.53,
19-10-2025,Receipt,99,HDFC Bank Current A/c,77738.66,,
19-10-2025,Receipt,99,Customer 03,,77738.66,
19-10-2025,Sales,141,Cash,5296.84,,
19-10-2025,Sales,141,Sales - Local,,5296.84,
20-10-2025,Sales,142,Customer 01,138033.03,,
20-10-2025,Sales,142,Sales - Local,,138033.03,
20-10-2025,Receipt,100,Cash,2378.32,,
20-10-2025,Receipt,100,Customer 03,,2378.32,
21-10-2025,Sales,143,Customer 04,43586.43,,
21-10-2025,Sales,143,Sales - Local,,43586.43,
21-10-2025,Payment,123,Staff Welfare,8746.81,,
21-10-2025,Payment,123,Cash,,8746.81,
22-10-2025,Receipt,101,HDFC Bank Current A/c,35532.60,,
22-10-2025,Receipt,101,Customer 05,,35532.60,
22-10-2025,Payment,124,Supplier 02,105284.51,,
22-10-2025,Payment,124,HDFC Bank Current A/c,,105284.51,
23-10-2025,Receipt,102,Cash,1920.82,,
23-10-2025,Receipt,102,Customer 01,,1920.82,
23-10-2025,Sales,144,Customer 02,125957.72,,
23-10-2025,Sales,144,Sales - Local,,125957.72,
24-10-2025,Sales,145,Customer 03,97482.84,,
24-10-2025,Sales,145,Sales - Local,,97482.84,
24-10-2025,Receipt,103,HDFC Bank Current A/c,6779.70,,
24-10-2025,Receipt,103,Customer 05,,6779.70,
25-10-2025,Purchase,71,Purchases - Local,75933.64,,
25-10-2025,Purchase,71,Supplier 01,,75933.64,
26-10-2025,Purchase,72,Purchases - Local,93730.51,,
26-10-2025,Purchase,72,Supplier 03,,93730.51,
26-10-2025,Payment,125,Supplier 01,35102.00,,
26-10-2025,Payment,125,HDFC Bank Current A/c,,35102.00,
27-10-2025,Sales,146,Customer 02,96452.70,,
27-10-2025,Sales,146,Sales - Local,,96452.70,
27-10-2025,Receipt,104,HDFC Bank Current A/c,365828.66,,
27-10-2025,Receipt,104,Customer 04,,365828.66,
28-10-2025,Purchase,73,Purchases - Local,41372.70,,
28-10-2025,Purchase,73,Supplier 02,,41372.70,
28-10-2025,Purchase,74,Purchases - Local,107846.70,,
28-10-2025,Purchase,74,Supplier 03,,107846.70,
29-10-2025,Payment,126,Supplier 04,2349.22,,
29-10-2025,Payment,126,HDFC Bank Current A/c,,2349.22,
29-10-2025,Payment,127,Telephone Expenses,9879.75,,
29-10-2025,Payment,127,Cash,,9879.75,
30-10-2025,Sales,147,Customer 01,51563.47,,
30-10-2025,Sales,147,Sales - Local,,51563.47,
30-10-2025,Purchase,75,Purchases - Local,49334.82,,
30-10-2025,Purchase,75,Supplier 02,,49334.82,
31-10-2025,Receipt,105,HDFC Bank Current A/c,81926.45,,
31-10-2025,Receipt,105,Customer 04,,81926.45,
31-10-2025,Payment,128,Supplier 02,44875.62,,
31-10-2025,Payment,128,HDFC Bank Current A/c,,44875.62,
01-11-2025,Receipt,106,HDFC Bank Current A/c,9026.66,,
01-11-2025,Receipt,106,Customer 03,,9026.66,
01-11-2025,Receipt,107,HDFC Bank Current A/c,51538.33,,
01-11-2025,Receipt,107,Customer 03,,51538.33,
02-11-2025,Payment,129,Conveyance,7749.42,,
02-11-2025,Payment,129,Cash,,7749.42,
02-11-2025,Payment,130,Office Expenses,1588.71,,
02-11-2025,Payment,130,Cash,,1588.71,
03-11-2025,Receipt,108,HDFC Bank Current A/c,76150.86,,
03-11-2025,Receipt,108,Customer 01,,76150.86,
03-11-2025,Payment,131,Conveyance,9448.74,,
03-11-2025,Payment,131,Cash,,9448.74,
04-11-2025,Purchase,76,Purchases - Local,88398.27,,
04-11-2025,Purchase,76,Supplier 04,,88398.27,
04-11-2025,Payment,132,Supplier 04,61936.17,,
04-11-2025,Payment,132,HDFC Bank Current A/c,,61936.17,
05-11-2025,Sales,148,Customer 01,40222.13,,
05-11-2025,Sales,148,Sales - Local,,40222.13,
05-11-2025,Receipt,109,HDFC Bank Current A/c,220233.17,,
05-11-2025,Receipt,109,Customer 02,,220233.17,
06-11-2025,Purchase,77,Purchases - Local,109501.52,,
06-11-2025,Purchase,77,Supplier 01,,109501.52,
06-11-2025,Purchase,78,Purchases - Local,19043.84,,
06-11-2025,Purchase,78,Supplier 03,,19043.84,
07-11-2025,Sales,149,Customer 01,15251.15,,
07-11-2025,Sales,149,Sales - Local,,15251.15,
07-11-2025,Receipt,110,HDFC Bank Current A/c,8539.19,,
07-11-2025,Receipt,110,Customer 03,,8539.19,
08-11-2025,Sales,150,Customer 03,32893.46,,
08-11-2025,Sales,150,Sales - Local,,32893.46,
08-11-2025,Sales,151,Customer 01,58145.37,,
08-11-2025,Sales,151,Sales - Local,,58145.37,
09-11-2025,Sales,152,Customer 03,93975.37,,
09-11-2025,Sales,152,Sales - Local,,93975.37,
09-11-2025,Purchase,79,Purchases - Local,34130.87,,
09-11-2025,Purchase,79,Supplier 03,,34130.87,
10-11-2025,Receipt,111,HDFC Bank Current A/c,150452.14,,
10-11-2025,Receipt,111,Customer 04,,150452.14,
10-11-2025,Receipt,112,Cash,2629.10,,
10-11-2025,Receipt,112,Customer 03,,2629.10,
11-11-2025,Payment,133,Supplier 01,120366.71,,
11-11-2025,Payment,133,HDFC Bank Current A/c,,120366.71,
11-11-2025,Receipt,113,HDFC Bank Current A/c,22137.03,,
11-11-2025,Receipt,113,Customer 04,,22137.03,
12-11-2025,Payment,134,Rent,25000.00,,
12-11-2025,Payment,134,HDFC Bank Current A/c,,25000.00,
12-11-2025,Payment,135,Salary,45124.66,,
12-11-2025,Payment,135,HDFC Bank Current A/c,,45124.66,
12-11-2025,Payment,136,Electricity Charges,4618.40,,
12-11-2025,Payment,136,HDFC Bank Current A/c,,4618.40,
12-11-2025,Journal,8,Interest on Unsecured Loans,3000.00,,
12-11-2025,Journal,8,Unsecured Loan - Rajesh Kumar,,2700.00,
12-11-2025,Journal,8,TDS Payable,,300.00,
12-11-2025,Payment,137,TDS Payable,300.00,,
12-11-2025,Payment,137,HDFC Bank Current A/c,,300.00,
12-11-2025,Purchase,80,Purchases - Local,54769.79,,
12-11-2025,Purchase,80,Supplier 04,,54769.79,
12-11-2025,Payment,138,Supplier 04,16418.38,,
12-11-2025,Payment,138,HDFC Bank Current A/c,,16418.38,
13-11-2025,Purchase,81,Purchases - Local,47090.45,,
13-11-2025,Purchase,81,Supplier 02,,47090.45,
13-11-2025,Payment,139,Conveyance,5846.60,,
13-11-2025,Payment,139,Cash,,5846.60,
14-11-2025,Sales,153,Cash,6707.79,,
14-11-2025,Sales,153,Sales - Local,,6707.79,
14-11-2025,Receipt,114,HDFC Bank Current A/c,90104.23,,
14-11-2025,Receipt,114,Customer 03,,90104.23,
15-11-2025,Sales,154,Customer 02,75934.20,,
15-11-2025,Sales,154,Sales - Local,,75934.20,
15-11-2025,Receipt,115,HDFC Bank Current A/c,60024.40,,
15-11-2025,Receipt,115,Customer 03,,60024.40,
16-11-2025,Sales,155,Cash,43837.23,,
16-11-2025,Sales,155,Sales - Local,,43837.23,
16-11-2025,Receipt,116,Cash,16240.89,,
16-11-2025,Receipt,116,Customer 01,,16240.89,
17-11-2025,Receipt,117,Cash,8838.18,,
17-11-2025,Receipt,117,Customer 03,,8838.18,
17-11-2025,Purchase,82,Purchases - Local,101671.59,,
17-11-2025,Purchase,82,Supplier 04,,101671.59,
18-11-2025,Sales,156,Customer 02,165163.59,,
18-11-2025,Sales,156,Sales - Local,,165163.59,
18-11-2025,Payment,140,Supplier 03,514608.05,,
18-11-2025,Payment,140,HDFC Bank Current A/c,,514608.05,
19-11-2025,Payment,141,Supplier 02,82452.81,,
19-11-2025,Payment,141,HDFC Bank Current A/c,,82452.81,
19-11-2025,Purchase,83,Purchases - Local,60754.75,,
19-11-2025,Purchase,83,Supplier 01,,60754.75,
20-11-2025,Payment,142,Printing & Stationery,7553.01,,
20-11-2025,Payment,142,Cash,,7553.01,
20-11-2025,Sales,157,Cash,32652.37,,
20-11-2025,Sales,157,Sales - Local,,32652.37,
21-11-2025,Purchase,84,Purchases - Local,15642.66,,
21-11-2025,Purchase,84,Supplier 02,,15642.66,
21-11-2025,Payment,143,Supplier 04,162598.72,,
21-11-2025,Payment,143,HDFC Bank Current A/c,,162598.72,
22-11-2025,Payment,144,Supplier 02,6311.88,,
22-11-2025,Payment,144,HDFC Bank Current A/c,,6311.88,
22-11-2025,Receipt,118,HDFC Bank Current A/c,160405.33,,
22-11-2025,Receipt,118,Customer 01,,160405.33,
23-11-2025,Sales,158,Customer 02,105357.71,,
23-11-2025,Sales,158,Sales - Local,,105357.71,
23-11-2025,Receipt,119,HDFC Bank Current A/c,735221.25,,
23-11-2025,Receipt,119,Customer 02,,735221.25,
24-11-2025,Receipt,120,HDFC Bank Current A/c,1058.56,,
24-11-2025,Receipt,120,Customer 05,,1058.56,
24-11-2025,Sales,159,Cash,14575.26,,
24-11-2025,Sales,159,Sales - Local,,14575.26,
25-11-2025,Payment,145,Telephone Expenses,5851.38,,
25-11-2025,Payment,145,Cash,,5851.38,
25-11-2025,Payment,146,Printing & Stationery,6183.89,,
25-11-2025,Payment,146,Cash,,6183.89,
26-11-2025,Receipt,121,HDFC Bank Current A/c,7897.76,,
26-11-2025,Receipt,121,Interest Received,,7897.76,
26-11-2025,Purchase,85,Purchases - Local,19525.25,,
26-11-2025,Purchase,85,Supplier 01,,19525.25,
27-11-2025,Receipt,122,HDFC Bank Current A/c,12069.57,,
27-11-2025,Receipt,122,Customer 04,,12069.57,
27-11-2025,Receipt,123,Cash,17758.38,,
27-11-2025,Receipt,123,Customer 02,,17758.38,
28-11-2025,Purchase,86,Purchases - Local,71201.76,,
28-11-2025,Purchase,86,Supplier 03,,71201.76,
28-11-2025,Payment,147,Telephone Expenses,4109.66,,
28-11-2025,Payment,147,Cash,,4109.66,
29-11-2025,Sales,160,Customer 05,11761.00,,
29-11-2025,Sales,160,Sales - Local,,11761.00,
29-11-2025,Payment,148,Supplier 04,5297.48,,
29-11-2025,Payment,148,HDFC Bank Current A/c,,5297.48,
30-11-2025,Receipt,124,HDFC Bank Current A/c,10828.42,,
30-11-2025,Receipt,124,Customer 05,,10828.42,
30-11-2025,Payment,149,Printing & Stationery,8027.30,,
30-11-2025,Payment,149,Cash,,8027.30,
01-12-2025,Payment,150,Supplier 04,3844.87,,
01-12-2025,Payment,150,HDFC Bank Current A/c,,3844.87,
01-12-2025,Sales,161,Cash,19141.42,,
01-12-2025,Sales,161,Sales - Local,,19141.42,
02-12-2025,Receipt,125,HDFC Bank Current A/c,42772.87,,
02-12-2025,Receipt,125,Customer 04,,42772.87,
02-12-2025,Payment,151,Supplier 02,46535.84,,
02-12-2025,Payment,151,HDFC Bank Current A/c,,46535.84,
03-12-2025,Payment,152,Office Expenses,6431.20,,
03-12-2025,Payment,152,Cash,,6431.20,
03-12-2025,Payment,153,Conveyance,2928.06,,
03-12-2025,Payment,153,Cash,,2928.06,
04-12-2025,Purchase,87,Purchases - Local,67904.67,,
04-12-2025,Purchase,87,Supplier 01,,67904.67,
04-12-2025,Payment,154,Supplier 01,132334.54,,
04-12-2025,Payment,154,HDFC Bank Current A/c,,132334.54,
05-12-2025,Receipt,126,HDFC Bank Current A/c,4978.72,,
05-12-2025,Receipt,126,Customer 03,,4978.72,
05-12-2025,Payment,155,Conveyance,2613.86,,
05-12-2025,Payment,155,Cash,,2613.86,
06-12-2025,Purchase,88,Purchases - Local,52650.10,,
06-12-2025,Purchase,88,Supplier 03,,52650.10,
06-12-2025,Payment,156,Printing & Stationery,329.28,,
06-12-2025,Payment,156,Cash,,329.28,
07-12-2025,Purchase,89,Purchases - Local,112938.85,,
07-12-2025,Purchase,89,Supplier 01,,112938.85,
07-12-2025,Payment,157,Supplier 02,4770.60,,
07-12-2025,Payment,157,HDFC Bank Current A/c,,4770.60,
08-12-2025,Sales,162,Customer 01,41052.80,,
08-12-2025,Sales,162,Sales - Local,,41052.80,
09-12-2025,Receipt,127,HDFC Bank Current A/c,59585.96,,
09-12-2025,Receipt,127,Customer 01,,59585.96,
09-12-2025,Sales,163,Cash,21989.62,,
09-12-2025,Sales,163,Sales - Local,,21989.62,
10-12-2025,Sales,164,Cash,15845.36,,
10-12-2025,Sales,164,Sales - Local,,15845.36,
10-12-2025,Purchase,90,Purchases - Local,60009.13,,
10-12-2025,Purchase,90,Supplier 02,,60009.13,
11-12-2025,Sales,165,Customer 05,36631.94,,
11-12-2025,Sales,165,Sales - Local,,36631.94,
11-12-2025,Sales,166,Cash,814.63,,
11-12-2025,Sales,166,Sales - Local,,814.63,
12-12-2025,Payment,158,Rent,25000.00,,
12-12-2025,Payment,158,HDFC Bank Current A/c,,25000.00,
12-12-2025,Payment,159,Salary,45869.07,,
12-12-2025,Payment,159,HDFC Bank Current A/c,,45869.07,
12-12-2025,Payment,160,Electricity Charges,4667.82,,
12-12-2025,Payment,160,HDFC Bank Current A/c,,4667.82,
12-12-2025,Journal,9,Interest on Unsecured Loans,3000.00,,
12-12-2025,Journal,9,Unsecured Loan - Rajesh Kumar,,2700.00,
12-12-2025,Journal,9,TDS Payable,,300.00,
12-12-2025,Payment,161,TDS Payable,300.00,,
12-12-2025,Payment,161,HDFC Bank Current A/c,,300.00,
12-12-2025,Sales,167,Customer 04,111887.79,,
12-12-2025,Sales,167,Sales - Local,,111887.79,
12-12-2025,Receipt,128,Cash,5587.08,,
12-12-2025,Receipt,128,Customer 04,,5587.08,
13-12-2025,Receipt,129,HDFC Bank Current A/c,6910.67,,
13-12-2025,Receipt,129,Interest Received,,6910.67,
13-12-2025,Payment,162,Bank Charges,276.80,,
13-12-2025,Payment,162,HDFC Bank Current A/c,,276.80,
14-12-2025,Sales,168,Customer 05,114121.59,,
14-12-2025,Sales,168,Sales - Local,,114121.59,
15-12-2025,Payment,163,Supplier 04,5611.41,,
15-12-2025,Payment,163,HDFC Bank Current A/c,,5611.41,
15-12-2025,Sales,169,Customer 04,145290.05,,
15-12-2025,Sales,169,Sales - Local,,145290.05,
16-12-2025,Payment,164,Supplier 04,1092.85,,
16-12-2025,Payment,164,HDFC Bank Current A/c,,1092.85,
16-12-2025,Sales,170,Customer 04,83802.56,,
16-12-2025,Sales,170,Sales - Local,,83802.56,
17-12-2025,Payment,165,Conveyance,3590.20,,
17-12-2025,Payment,165,Cash,,3590.20,
17-12-2025,Sales,171,Customer 04,119398.74,,
17-12-2025,Sales,171,Sales - Local,,119398.74,
18-12-2025,Sales,172,Customer 03,126943.67,,
18-12-2025,Sales,172,Sales - Local,,126943.67,
18-12-2025,Sales,173,Customer 01,89959.85,,
18-12-2025,Sales,173,Sales - Local,,89959.85,
19-12-2025,Sales,174,Cash,44333.31,,
19-12-2025,Sales,174,Sales - Local,,44333.31,
19-12-2025,Payment,166,Supplier 03,144544.16,,
19-12-2025,Payment,166,HDFC Bank Current A/c,,144544.16,
20-12-2025,Sales,175,Cash,39160.85,,
20-12-2025,Sales,175,Sales - Local,,39160.85,
20-12-2025,Purchase,91,Purchases - Local,90047.52,,
20-12-2025,Purchase,91,Supplier 03,,90047.52,
21-12-2025,Purchase,92,Purchases - Local,106951.45,,
21-12-2025,Purchase,92,Supplier 02,,106951.45,
21-12-2025,Sales,176,Cash,7500.58,,
21-12-2025,Sales,176,Sales - Local,,7500.58,
22-12-2025,Receipt,130,Cash,7695.85,,
22-12-2025,Receipt,130,Customer 01,,7695.85,
22-12-2025,Receipt,131,Cash,3899.67,,
22-12-2025,Receipt,131,Customer 04,,3899.67,
23-12-2025,Sales,177,Customer 04,174260.43,,
23-12-2025,Sales,177,Sales - Local,,174260.43,
23-12-2025,Receipt,132,HDFC Bank Current A/c,51507.02,,
23-12-2025,Receipt,132,Customer 03,,51507.02,
24-12-2025,Payment,167,Supplier 01,27292.93,,
24-12-2025,Payment,167,HDFC Bank Current A/c,,27292.93,
24-12-2025,Sales,178,Customer 02,168137.54,,
24-12-2025,Sales,178,Sales - Local,,168137.54,
25-12-2025,Sales,179,Customer 02,98363.17,,
25-12-2025,Sales,179,Sales - Local,,98363.17,
25-12-2025,Payment,168,Staff Welfare,1836.36,,
25-12-2025,Payment,168,Cash,,1836.36,
26-12-2025,Payment,169,Supplier 01,78523.56,,
26-12-2025,Payment,169,HDFC Bank Current A/c,,78523.56,
26-12-2025,Sales,180,Customer 02,75339.09,,
26-12-2025,Sales,180,Sales - Local,,75339.09,
27-12-2025,Purchase,93,Purchases - Local,5335.48,,
27-12-2025,Purchase,93,Supplier 03,,5335.48,
27-12-2025,Receipt,133,HDFC Bank Current A/c,251121.66,,
27-12-2025,Receipt,133,Customer 04,,251121.66,
28-12-2025,Payment,170,Supplier 02,27162.56,,
28-12-2025,Payment,170,HDFC Bank Current A/c,,27162.56,
29-12-2025,Purchase,94,Purchases - Local,79291.36,,
29-12-2025,Purchase,94,Supplier 03,,79291.36,
29-12-2025,Payment,171,Office Expenses,1438.48,,
29-12-2025,Payment,171,Cash,,1438.48,
30-12-2025,Receipt,134,HDFC Bank Current A/c,202326.42,,
30-12-2025,Receipt,134,Customer 04,,202326.42,
30-12-2025,Receipt,135,HDFC Bank Current A/c,472034.70,,
30-12-2025,Receipt,135,Customer 02,,472034.70,
31-12-2025,Payment,172,Conveyance,5271.83,,
31-12-2025,Payment,172,Cash,,5271.83,
31-12-2025,Receipt,136,HDFC Bank Current A/c,32027.53,,
31-12-2025,Receipt,136,Customer 03,,32027.53,
01-01-2026,Sales,181,Customer 01,21068.87,,
01-01-2026,Sales,181,Sales - Local,,21068.87,
01-01-2026,Payment,173,Supplier 02,94737.38,,
01-01-2026,Payment,173,HDFC Bank Current A/c,,94737.38,
02-01-2026,Sales,182,Cash,27070.04,,
02-01-2026,Sales,182,Sales - Local,,27070.04,
02-01-2026,Purchase,95,Purchases - Local,73602.47,,
02-01-2026,Purchase,95,Supplier 02,,73602.47,
03-01-2026,Sales,183,Customer 03,155301.84,,
03-01-2026,Sales,183,Sales - Local,,155301.84,
03-01-2026,Sales,184,Customer 04,157513.44,,
03-01-2026,Sales,184,Sales - Local,,157513.44,
04-01-2026,Payment,174,Supplier 03,6104.46,,
04-01-2026,Payment,174,HDFC Bank Current A/c,,6104.46,
04-01-2026,Receipt,137,HDFC Bank Current A/c,12104.30,,
04-01-2026,Receipt,137,Customer 01,,12104.30,
05-01-2026,Purchase,96,Purchases - Local,95038.93,,
05-01-2026,Purchase,96,Supplier 04,,95038.93,
05-01-2026,Payment,175,Office Expenses,9247.27,,
05-01-2026,Payment,175,Cash,,9247.27,
06-01-2026,Sales,185,Customer 03,191298.50,,
06-01-2026,Sales,185,Sales - Local,,191298.50,
06-01-2026,Sales,186,Customer 05,111941.29,,
06-01-2026,Sales,186,Sales - Local,,111941.29,
07-01-2026,Purchase,97,Purchases - Local,109026.46,,
07-01-2026,Purchase,97,Supplier 04,,109026.46,
07-01-2026,Sales,187,Customer 04,143360.58,,
07-01-2026,Sales,187,Sales - Local,,143360.58,
08-01-2026,Purchase,98,Purchases - Local,7383.55,,
08-01-2026,Purchase,98,Supplier 02,,7383.55,
08-01-2026,Sales,188,Customer 04,151461.10,,
08-01-2026,Sales,188,Sales - Local,,151461.10,
09-01-2026,Receipt,138,HDFC Bank Current A/c,352934.92,,
09-01-2026,Receipt,138,Customer 03,,352934.92,
09-01-2026,Purchase,99,Purchases - Local,108953.74,,
09-01-2026,Purchase,99,Supplier 01,,108953.74,
10-01-2026,Sales,189,Customer 05,100016.73,,
10-01-2026,Sales,189,Sales - Local,,100016.73,
10-01-2026,Sales,190,Customer 04,120889.57,,
10-01-2026,Sales,190,Sales - Local,,120889.57,
11-01-2026,Payment,176,Rent,25000.00,,
11-01-2026,Payment,176,HDFC Bank Current A/c,,25000.00,
11-01-2026,Payment,177,Salary,45633.50,,
11-01-2026,Payment,177,HDFC Bank Current A/c,,45633.50,
11-01-2026,Payment,178,Electricity Charges,6257.15,,
11-01-2026,Payment,178,HDFC Bank Current A/c,,6257.15,
11-01-2026,Journal,10,Interest on Unsecured Loans,3000.00,,
11-01-2026,Journal,10,Unsecured Loan - Rajesh Kumar,,2700.00,
11-01-2026,Journal,10,TDS Payable,,300.00,
11-01-2026,Payment,179,TDS Payable,300.00,,
11-01-2026,Payment,179,HDFC Bank Current A/c,,300.00,
11-01-2026,Purchase,100,Purchases - Local,60015.84,,
11-01-2026,Purchase,100,Supplier 01,,60015.84,
11-01-2026,Sales,191,Customer 03,109688.34,,
11-01-2026,Sales,191,Sales - Local,,109688.34,
12-01-2026,Sales,192,Customer 03,12333.01,,
12-01-2026,Sales,192,Sales - Local,,12333.01,
12-01-2026,Payment,180,Printing & Stationery,4779.97,,
12-01-2026,Payment,180,Cash,,4779.97,
13-01-2026,Sales,193,Customer 03,78505.12,,
13-01-2026,Sales,193,Sales - Local,,78505.12,
13-01-2026,Payment,181,Supplier 01,176774.59,,
13-01-2026,Payment,181,HDFC Bank Current A/c,,176774.59,
14-01-2026,Receipt,139,Cash,18238.25,,
14-01-2026,Receipt,139,Customer 02,,18238.25,
14-01-2026,Sales,194,Cash,5821.51,,
14-01-2026,Sales,194,Sales - Local,,5821.51,
15-01-2026,Purchase,101,Purchases - Local,30574.46,,
15-01-2026,Purchase,101,Supplier 04,,30574.46,
15-01-2026,Purchase,102,Purchases - Local,103570.92,,
15-01-2026,Purchase,102,Supplier 02,,103570.92,
16-01-2026,Receipt,140,HDFC Bank Current A/c,573231.81,,
16-01-2026,Receipt,140,Customer 04,,573231.81,
16-01-2026,Receipt,141,Cash,3552.30,,
16-01-2026,Receipt,141,Customer 03,,3552.30,
17-01-2026,Purchase,103,Purchases - Local,48737.77,,
17-01-2026,Purchase,103,Supplier 02,,48737.77,
17-01-2026,Payment,182,Bank Charges,252.20,,
17-01-2026,Payment,182,HDFC Bank Current A/c,,252.20,
18-01-2026,Sales,195,Customer 04,62841.44,,
18-01-2026,Sales,195,Sales - Local,,62841.44,
18-01-2026,Sales,196,Customer 04,34155.39,,
18-01-2026,Sales,196,Sales - Local,,34155.39,
19-01-2026,Receipt,142,HDFC Bank Current A/c,131308.30,,
19-01-2026,Receipt,142,Customer 04,,131308.30,
19-01-2026,Payment,183,Telephone Expenses,5601.65,,
19-01-2026,Payment,183,Cash,,5601.65,
20-01-2026,Purchase,104,Purchases - Local,27283.79,,
20-01-2026,Purchase,104,Supplier 03,,27283.79,
20-01-2026,Purchase,105,Purchases - Local,9876.42,,
20-01-2026,Purchase,105,Supplier 01,,9876.42,
21-01-2026,Purchase,106,Purchases - Local,98514.74,,
21-01-2026,Purchase,106,Supplier 02,,98514.74,
21-01-2026,Payment,184,Supplier 03,155837.91,,
21-01-2026,Payment,184,HDFC Bank Current A/c,,155837.91,
22-01-2026,Sales,197,Cash,608.78,,
22-01-2026,Sales,197,Sales - Local,,608.78,
22-01-2026,Purchase,107,Purchases - Local,63993.85,,
22-01-2026,Purchase,107,Supplier 04,,63993.85,
23-01-2026,Sales,198,Customer 02,30519.36,,
23-01-2026,Sales,198,Sales - Local,,30519.36,
23-01-2026,Payment,185,Supplier 02,204025.33,,
23-01-2026,Payment,185,HDFC Bank Current A/c,,204025.33,
24-01-2026,Receipt,143,HDFC Bank Current A/c,126066.10,,
24-01-2026,Receipt,143,Customer 03,,126066.10,
24-01-2026,Purchase,108,Purchases - Local,35874.49,,
24-01-2026,Purchase,108,Supplier 02,,35874.49,
25-01-2026,Receipt,144,Cash,15401.36,,
25-01-2026,Receipt,144,Customer 05,,15401.36,
25-01-2026,Sales,199,Customer 05,163834.16,,
25-01-2026,Sales,199,Sales - Local,,163834.16,
26-01-2026,Payment,186,Supplier 01,7822.63,,
26-01-2026,Payment,186,HDFC Bank Current A/c,,7822.63,
26-01-2026,Receipt,145,HDFC Bank Current A/c,199946.06,,
26-01-2026,Receipt,145,Customer 01,,199946.06,
27-01-2026,Receipt,146,HDFC Bank Current A/c,93135.37,,
27-01-2026,Receipt,146,Customer 03,,93135.37,
27-01-2026,Purchase,109,Purchases - Local,59488.73,,
27-01-2026,Purchase,109,Supplier 02,,59488.73,
28-01-2026,Purchase,110,Purchases - Local,5293.65,,
28-01-2026,Purchase,110,Supplier 04,,5293.65,
28-01-2026,Receipt,147,HDFC Bank Current A/c,422823.84,,
28-01-2026,Receipt,147,Customer 05,,422823.84,
29-01-2026,Sales,200,Cash,36746.68,,
29-01-2026,Sales,200,Sales - Local,,36746.68,
29-01-2026,Receipt,148,HDFC Bank Current A/c,58434.20,,
29-01-2026,Receipt,148,Customer 04,,58434.20,
30-01-2026,Payment,187,Bank Charges,494.99,,
30-01-2026,Payment,187,HDFC Bank Current A/c,,494.99,
30-01-2026,Payment,188,Supplier 04,104234.42,,
30-01-2026,Payment,188,HDFC Bank Current A/c,,104234.42,
31-01-2026,Sales,201,Customer 05,144232.90,,
31-01-2026,Sales,201,Sales - Local,,144232.90,
31-01-2026,Receipt,149,HDFC Bank Current A/c,3359.28,,
31-01-2026,Receipt,149,Customer 01,,3359.28,
01-02-2026,Purchase,111,Purchases - Local,15873.30,,
01-02-2026,Purchase,111,Supplier 04,,15873.30,
01-02-2026,Receipt,150,Cash,5342.62,,
01-02-2026,Receipt,150,Customer 01,,5342.62,
02-02-2026,Sales,202,Customer 02,154647.91,,
02-02-2026,Sales,202,Sales - Local,,154647.91,
02-02-2026,Purchase,112,Purchases - Local,119973.83,,
02-02-2026,Purchase,112,Supplier 03,,119973.83,
03-02-2026,Sales,203,Customer 01,150395.51,,
03-02-2026,Sales,203,Sales - Local,,150395.51,
03-02-2026,Payment,189,Supplier 04,2343.57,,
03-02-2026,Payment,189,HDFC Bank Current A/c,,2343.57,
04-02-2026,Receipt,151,Cash,11356.69,,
04-02-2026,Receipt,151,Customer 04,,11356.69,
04-02-2026,Sales,204,Customer 04,16292.33,,
04-02-2026,Sales,204,Sales - Local,,16292.33,
05-02-2026,Sales,205,Customer 03,13366.43,,
05-02-2026,Sales,205,Sales - Local,,13366.43,
05-02-2026,Payment,190,Supplier 01,32649.85,,
05-02-2026,Payment,190,HDFC Bank Current A/c,,32649.85,
06-02-2026,Sales,206,Customer 02,5729.56,,
06-02-2026,Sales,206,Sales - Local,,5729.56,
06-02-2026,Sales,207,Customer 01,75835.33,,
06-02-2026,Sales,207,Sales - Local,,75835.33,
07-02-2026,Receipt,152,HDFC Bank Current A/c,211889.19,,
07-02-2026,Receipt,152,Customer 05,,211889.19,
07-02-2026,Receipt,153,HDFC Bank Current A/c,409815.80,,
07-02-2026,Receipt,153,Customer 02,,409815.80,
08-02-2026,Payment,191,Staff Welfare,4996.83,,
08-02-2026,Payment,191,Cash,,4996.83,
08-02-2026,Sales,208,Customer 02,20362.33,,
08-02-2026,Sales,208,Sales - Local,,20362.33,
09-02-2026,Receipt,154,HDFC Bank Current A/c,31933.30,,
09-02-2026,Receipt,154,Customer 02,,31933.30,
09-02-2026,Purchase,113,Purchases - Local,11060.67,,
09-02-2026,Purchase,113,Supplier 02,,11060.67,
10-02-2026,Payment,192,Rent,25000.00,,
10-02-2026,Payment,192,HDFC Bank Current A/c,,25000.00,
10-02-2026,Payment,193,Salary,53946.93,,
10-02-2026,Payment,193,HDFC Bank Current A/c,,53946.93,
10-02-2026,Payment,194,Electricity Charges,7336.32,,
10-02-2026,Payment,194,HDFC Bank Current A/c,,7336.32,
10-02-2026,Journal,11,Interest on Unsecured Loans,3000.00,,
10-02-2026,Journal,11,Unsecured Loan - Rajesh Kumar,,2700.00,
10-02-2026,Journal,11,TDS Payable,,300.00,
10-02-2026,Payment,195,TDS Payable,300.00,,
10-02-2026,Payment,195,HDFC Bank Current A/c,,300.00,
10-02-2026,Purchase,114,Purchases - Local,77826.84,,
10-02-2026,Purchase,114,Supplier 02,,77826.84,
10-02-2026,Purchase,115,Purchases - Local,39690.84,,
10-02-2026,Purchase,115,Supplier 04,,39690.84,
11-02-2026,Receipt,155,HDFC Bank Current A/c,88433.02,,
11-02-2026,Receipt,155,Customer 04,,88433.02,
11-02-2026,Purchase,116,Purchases - Local,9255.89,,
11-02-2026,Purchase,116,Supplier 03,,9255.89,
12-02-2026,Payment,196,Supplier 04,108325.79,,
12-02-2026,Payment,196,HDFC Bank Current A/c,,108325.79,
12-02-2026,Sales,209,Customer 04,92398.69,,
12-02-2026,Sales,209,Sales - Local,,92398.69,
13-02-2026,Sales,210,Cash,44350.70,,
13-02-2026,Sales,210,Sales - Local,,44350.70,
13-02-2026,Payment,197,Conveyance,5197.77,,
13-02-2026,Payment,197,Cash,,5197.77,
14-02-2026,Sales,211,Customer 02,57585.07,,
14-02-2026,Sales,211,Sales - Local,,57585.07,
14-02-2026,Payment,198,Supplier 04,22048.36,,
14-02-2026,Payment,198,HDFC Bank Current A/c,,22048.36,
15-02-2026,Receipt,156,Cash,6007.49,,
15-02-2026,Receipt,156,Customer 05,,6007.49,
15-02-2026,Payment,199,Supplier 02,190130.59,,
15-02-2026,Payment,199,HDFC Bank Current A/c,,190130.59,
16-02-2026,Payment,200,Supplier 04,97186.81,,
16-02-2026,Payment,200,HDFC Bank Current A/c,,97186.81,
16-02-2026,Payment,201,Supplier 02,150450.38,,
16-02-2026,Payment,201,HDFC Bank Current A/c,,150450.38,
17-02-2026,Receipt,157,Cash,2891.56,,
17-02-2026,Receipt,157,Customer 05,,2891.56,
17-02-2026,Payment,202,Telephone Expenses,7038.53,,
17-02-2026,Payment,202,Cash,,7038.53,
18-02-2026,Purchase,117,Purchases - Local,38807.52,,
18-02-2026,Purchase,117,Supplier 04,,38807.52,
18-02-2026,Purchase,118,Purchases - Local,27809.26,,
18-02-2026,Purchase,118,Supplier 04,,27809.26,
19-02-2026,Payment,203,Bank Charges,322.66,,
19-02-2026,Payment,203,HDFC Bank Current A/c,,322.66,
19-02-2026,Sales,212,Customer 04,26130.35,,
19-02-2026,Sales,212,Sales - Local,,26130.35,
20-02-2026,Receipt,158,HDFC Bank Current A/c,112314.16,,
20-02-2026,Receipt,158,Customer 04,,112314.16,
20-02-2026,Receipt,159,HDFC Bank Current A/c,1473.08,,
20-02-2026,Receipt,159,Customer 04,,1473.08,
21-02-2026,Sales,213,Cash,17833.76,,
21-02-2026,Sales,213,Sales - Local,,17833.76,
21-02-2026,Sales,214,Customer 03,132061.15,,
21-02-2026,Sales,214,Sales - Local,,132061.15,
22-02-2026,Payment,204,Conveyance,6825.03,,
22-02-2026,Payment,204,Cash,,6825.03,
22-02-2026,Receipt,160,Cash,9171.44,,
22-02-2026,Receipt,160,Customer 05,,9171.44,
23-02-2026,Payment,205,Supplier 02,9566.20,,
23-02-2026,Payment,205,HDFC Bank Current A/c,,9566.20,
23-02-2026,Payment,206,Bank Charges,53.94,,
23-02-2026,Payment,206,HDFC Bank Current A/c,,53.94,
24-02-2026,Payment,207,Supplier 03,217683.96,,
24-02-2026,Payment,207,HDFC Bank Current A/c,,217683.96,
24-02-2026,Payment,208,Printing & Stationery,8697.79,,
24-02-2026,Payment,208,Cash,,8697.79,
25-02-2026,Receipt,161,Cash,15235.15,,
25-02-2026,Receipt,161,Customer 03,,15235.15,
25-02-2026,Sales,215,Customer 04,9494.78,,
25-02-2026,Sales,215,Sales - Local,,9494.78,
26-02-2026,Purchase,119,Purchases - Local,18677.81,,
26-02-2026,Purchase,119,Supplier 01,,18677.81,
26-02-2026,Payment,209,Supplier 03,20385.74,,
26-02-2026,Payment,209,HDFC Bank Current A/c,,20385.74,
27-02-2026,Sales,216,Customer 05,196656.12,,
27-02-2026,Sales,216,Sales - Local,,196656.12,
27-02-2026,Sales,217,Cash,27951.56,,
27-02-2026,Sales,217,Sales - Local,,27951.56,
28-02-2026,Payment,210,Conveyance,3123.84,,
28-02-2026,Payment,210,Cash,,3123.84,
28-02-2026,Payment,211,Printing & Stationery,9296.88,,
28-02-2026,Payment,211,Cash,,9296.88,
01-03-2026,Sales,218,Cash,22078.27,,
01-03-2026,Sales,218,Sales - Local,,22078.27,
01-03-2026,Sales,219,Customer 05,165594.66,,
01-03-2026,Sales,219,Sales - Local,,165594.66,
02-03-2026,Purchase,120,Purchases - Local,77509.07,,
02-03-2026,Purchase,120,Supplier 03,,77509.07,
02-03-2026,Sales,220,Customer 01,20297.93,,
02-03-2026,Sales,220,Sales - Local,,20297.93,
03-03-2026,Payment,212,Telephone Expenses,9655.88,,
03-03-2026,Payment,212,Cash,,9655.88,
03-03-2026,Sales,221,Customer 02,127893.33,,
03-03-2026,Sales,221,Sales - Local,,127893.33,
04-03-2026,Purchase,121,Purchases - Local,17786.22,,
04-03-2026,Purchase,121,Supplier 04,,17786.22,
04-03-2026,Purchase,122,Purchases - Local,116492.11,,
04-03-2026,Purchase,122,Supplier 02,,116492.11,
05-03-2026,Payment,213,Conveyance,3151.21,,
05-03-2026,Payment,213,Cash,,3151.21,
05-03-2026,Purchase,123,Purchases - Local,84676.29,,
05-03-2026,Purchase,123,Supplier 03,,84676.29,
06-03-2026,Receipt,162,HDFC Bank Current A/c,40411.20,,
06-03-2026,Receipt,162,Customer 01,,40411.20,
06-03-2026,Sales,222,Customer 01,65218.79,,
06-03-2026,Sales,222,Sales - Local,,65218.79,
07-03-2026,Sales,223,Customer 05,56748.58,,
07-03-2026,Sales,223,Sales - Local,,56748.58,
07-03-2026,Payment,214,Staff Welfare,723.70,,
07-03-2026,Payment,214,Cash,,723.70,
08-03-2026,Sales,224,Customer 02,125646.18,,
08-03-2026,Sales,224,Sales - Local,,125646.18,
08-03-2026,Sales,225,Customer 03,69318.27,,
08-03-2026,Sales,225,Sales - Local,,69318.27,
09-03-2026,Purchase,124,Purchases - Local,78838.13,,
09-03-2026,Purchase,124,Supplier 03,,78838.13,
09-03-2026,Purchase,125,Purchases - Local,29920.48,,
09-03-2026,Purchase,125,Supplier 01,,29920.48,
10-03-2026,Purchase,126,Purchases - Local,106148.39,,
10-03-2026,Purchase,126,Supplier 04,,106148.39,
10-03-2026,Purchase,127,Purchases - Local,96858.02,,
10-03-2026,Purchase,127,Supplier 04,,96858.02,
11-03-2026,Sales,226,Customer 05,56519.16,,
11-03-2026,Sales,226,Sales - Local,,56519.16,
11-03-2026,Receipt,163,HDFC Bank Current A/c,12854.62,,
11-03-2026,Receipt,163,Customer 01,,12854.62,
12-03-2026,Payment,215,Rent,25000.00,,
12-03-2026,Payment,215,HDFC Bank Current A/c,,25000.00,
12-03-2026,Payment,216,Salary,43199.62,,
12-03-2026,Payment,216,HDFC Bank Current A/c,,43199.62,
12-03-2026,Payment,217,Electricity Charges,6142.01,,
12-03-2026,Payment,217,HDFC Bank Current A/c,,6142.01,
12-03-2026,Journal,12,Interest on Unsecured Loans,3000.00,,
12-03-2026,Journal,12,Unsecured Loan - Rajesh Kumar,,2700.00,
12-03-2026,Journal,12,TDS Payable,,300.00,
12-03-2026,Payment,218,TDS Payable,300.00,,
12-03-2026,Payment,218,HDFC Bank Current A/c,,300.00,
12-03-2026,Sales,227,Cash,37358.81,,
12-03-2026,Sales,227,Sales - Local,,37358.81,
12-03-2026,Payment,219,Supplier 01,41556.86,,
12-03-2026,Payment,219,HDFC Bank Current A/c,,41556.86,
13-03-2026,Sales,228,Customer 02,18459.33,,
13-03-2026,Sales,228,Sales - Local,,18459.33,
13-03-2026,Sales,229,Customer 04,160452.20,,
13-03-2026,Sales,229,Sales - Local,,160452.20,
14-03-2026,Purchase,128,Purchases - Local,43982.51,,
14-03-2026,Purchase,128,Supplier 02,,43982.51,
14-03-2026,Payment,220,Printing & Stationery,7331.62,,
14-03-2026,Payment,220,Cash,,7331.62,
15-03-2026,Payment,221,Supplier 04,96447.00,,
15-03-2026,Payment,221,HDFC Bank Current A/c,,96447.00,
15-03-2026,Sales,230,Customer 05,183739.77,,
15-03-2026,Sales,230,Sales - Local,,183739.77,
16-03-2026,Purchase,129,Purchases - Local,88472.51,,
16-03-2026,Purchase,129,Supplier 01,,88472.51,
16-03-2026,Sales,231,Customer 03,83588.59,,
16-03-2026,Sales,231,Sales - Local,,83588.59,
17-03-2026,Receipt,164,HDFC Bank Current A/c,280018.13,,
17-03-2026,Receipt,164,Customer 03,,280018.13,
17-03-2026,Sales,232,Customer 02,142821.95,,
17-03-2026,Sales,232,Sales - Local,,142821.95,
18-03-2026,Payment,222,Supplier 03,112114.53,,
18-03-2026,Payment,222,HDFC Bank Current A/c,,112114.53,
18-03-2026,Sales,233,Cash,21155.93,,
18-03-2026,Sales,233,Sales - Local,,21155.93,
19-03-2026,Receipt,165,HDFC Bank Current A/c,4953.50,,
19-03-2026,Receipt,165,Interest Received,,4953.50,
19-03-2026,Payment,223,Bank Charges,145.27,,
19-03-2026,Payment,223,HDFC Bank Current A/c,,145.27,
20-03-2026,Payment,224,Bank Charges,237.73,,
20-03-2026,Payment,224,HDFC Bank Current A/c,,237.73,
20-03-2026,Receipt,166,HDFC Bank Current A/c,249460.44,,
20-03-2026,Receipt,166,Customer 01,,249460.44,
21-03-2026,Receipt,167,HDFC Bank Current A/c,10315.79,,
21-03-2026,Receipt,167,Customer 03,,10315.79,
21-03-2026,Sales,234,Cash,47408.63,,
21-03-2026,Sales,234,Sales - Local,,47408.63,
22-03-2026,Payment,225,Supplier 02,162450.12,,
22-03-2026,Payment,225,HDFC Bank Current A/c,,162450.12,
22-03-2026,Payment,226,Office Expenses,2164.76,,
22-03-2026,Payment,226,Cash,,2164.76,
23-03-2026,Receipt,168,HDFC Bank Current A/c,109123.64,,
23-03-2026,Receipt,168,Customer 04,,109123.64,
23-03-2026,Receipt,169,HDFC Bank Current A/c,376753.06,,
23-03-2026,Receipt,169,Customer 05,,376753.06,
24-03-2026,Payment,227,Staff Welfare,4666.64,,
24-03-2026,Payment,227,Cash,,4666.64,
24-03-2026,Receipt,170,HDFC Bank Current A/c,2954.73,,
24-03-2026,Receipt,170,Customer 03,,2954.73,
25-03-2026,Payment,228,Telephone Expenses,4941.26,,
25-03-2026,Payment,228,Cash,,4941.26,
25-03-2026,Purchase,130,Purchases - Local,64475.53,,
25-03-2026,Purchase,130,Supplier 03,,64475.53,
26-03-2026,Payment,229,Bank Charges,188.94,,
26-03-2026,Payment,229,HDFC Bank Current A/c,,188.94,
26-03-2026,Receipt,171,HDFC Bank Current A/c,6216.60,,
26-03-2026,Receipt,171,Customer 01,,6216.60,
27-03-2026,Payment,230,Supplier 01,48341.81,,
27-03-2026,Payment,230,HDFC Bank Current A/c,,48341.81,
27-03-2026,Purchase,131,Purchases - Local,15915.58,,
27-03-2026,Purchase,131,Supplier 04,,15915.58,
28-03-2026,Sales,235,Customer 04,24716.17,,
28-03-2026,Sales,235,Sales - Local,,24716.17,
28-03-2026,Purchase,132,Purchases - Local,37009.14,,
28-03-2026,Purchase,132,Supplier 02,,37009.14,
29-03-2026,Sales,236,Customer 03,112018.17,,
29-03-2026,Sales,236,Sales - Local,,112018.17,
29-03-2026,Receipt,172,HDFC Bank Current A/c,514583.43,,
29-03-2026,Receipt,172,Customer 02,,514583.43,
30-03-2026,Sales,237,Customer 04,130235.42,,
30-03-2026,Sales,237,Sales - Local,,130235.42,
30-03-2026,Payment,231,Supplier 01,48626.89,,
30-03-2026,Payment,231,HDFC Bank Current A/c,,48626.89,
31-03-2026,Payment,232,Printing & Stationery,1673.86,,
31-03-2026,Payment,232,Cash,,1673.86,
31-03-2026,Purchase,133,Purchases - Local,53384.77,,
31-03-2026,Purchase,133,Supplier 03,,53384.77,
31-03-2026,Journal,13,Depreciation,135000.00,,
31-03-2026,Journal,13,Plant & Machinery,,120000.00,
31-03-2026,Journal,13,Furniture & Fixtures,,15000.00,
31-03-2026,Journal,14,Partners' Remuneration,240000.00,,
31-03-2026,Journal,14,Partner A - Capital,,120000.00,
31-03-2026,Journal,14,Partner B - Capital,,120000.00,
31-03-2026,Journal,15,Interest on Partners' Capital,60000.00,,
31-03-2026,Journal,15,Partner A - Capital,,30000.00,
31-03-2026,Journal,15,Partner B - Capital,,30000.00,
02-04-2026,Payment,233,Rent,2000.00,,
02-04-2026,Payment,233,HDFC Bank Current A/c,,2000.00,
